sample	timestamp	elapsed_ms	service	available	cpu_pct	cpu_host_pct	cpu_user_pct	cpu_system_pct	memory_current_bytes	memory_pct_of_host	memory_peak_bytes	io_read_bytes_per_sec	io_write_bytes_per_sec	tasks_current
0	2026-09-13T03:48:14.837301203Z	0	app.service	0	0.000000	0.000000	0.000000	0.000000	0	0.000000	0	0.000000	0.000000	0
0	2026-09-13T03:48:14.837301203Z	0	nginx.service	1	0.000000	0.000000	0.000000	0.000000	182706176	4.750793	330735616	0.000000	0.000000	3
0	2026-09-13T03:48:14.837301203Z	0	mysql.service	1	0.000000	0.000000	0.000000	0.000000	529887232	13.778321	572469248	0.000000	0.000000	40
1	2026-09-13T03:48:15.85032871Z	1013	app.service	0	0.000000	0.000000	0.000000	0.000000	0	0.000000	0	0.000000	0.000000	0
1	2026-09-13T03:48:15.85032871Z	1013	nginx.service	1	0.000000	0.000000	0.000000	0.000000	182706176	4.750793	330735616	0.000000	0.000000	3
1	2026-09-13T03:48:15.85032871Z	1013	mysql.service	1	1.255050	0.627525	0.932749	0.322203	530018304	13.781729	572469248	133429.743351	0.000000	40
2	2026-09-13T03:48:16.850570423Z	2013	app.service	0	0.000000	0.000000	0.000000	0.000000	0	0.000000	0	0.000000	0.000000	0
2	2026-09-13T03:48:16.850570423Z	2013	nginx.service	1	0.000000	0.000000	0.000000	0.000000	182706176	4.750793	330735616	0.000000	0.000000	3
2	2026-09-13T03:48:16.850570423Z	2013	mysql.service	1	0.273634	0.136817	0.140666	0.133068	530018304	13.781729	572469248	0.000000	0.000000	40
3	2026-09-13T03:48:17.850879606Z	3013	app.service	0	0.000000	0.000000	0.000000	0.000000	0	0.000000	0	0.000000	0.000000	0
3	2026-09-13T03:48:17.850879606Z	3013	nginx.service	1	0.000000	0.000000	0.000000	0.000000	182706176	4.750793	330735616	0.000000	0.000000	3
3	2026-09-13T03:48:17.850879606Z	3013	mysql.service	1	0.291310	0.145655	0.149654	0.141556	530018304	13.781729	572469248	0.000000	0.000000	40
4	2026-09-13T03:48:18.850377378Z	4013	app.service	0	0.000000	0.000000	0.000000	0.000000	0	0.000000	0	0.000000	0.000000	0
4	2026-09-13T03:48:18.850377378Z	4013	nginx.service	1	0.000000	0.000000	0.000000	0.000000	182706176	4.750793	330735616	0.000000	0.000000	3
4	2026-09-13T03:48:18.850377378Z	4013	mysql.service	1	0.274438	0.137219	0.141071	0.133367	530018304	13.781729	572469248	0.000000	0.000000	40
5	2026-09-13T03:48:19.850448256Z	5013	app.service	0	0.000000	0.000000	0.000000	0.000000	0	0.000000	0	0.000000	0.000000	0
5	2026-09-13T03:48:19.850448256Z	5013	nginx.service	1	0.000000	0.000000	0.000000	0.000000	182706176	4.750793	330735616	0.000000	0.000000	3
5	2026-09-13T03:48:19.850448256Z	5013	mysql.service	1	0.269881	0.134940	0.269881	0.000000	530018304	13.781729	572469248	0.000000	4095.709708	40
6	2026-09-13T03:48:20.850532984Z	6013	app.service	0	0.000000	0.000000	0.000000	0.000000	0	0.000000	0	0.000000	0.000000	0
6	2026-09-13T03:48:20.850532984Z	6013	nginx.service	1	0.000000	0.000000	0.000000	0.000000	182706176	4.750793	330735616	0.000000	0.000000	3
6	2026-09-13T03:48:20.850532984Z	6013	mysql.service	1	0.283576	0.141788	0.000000	0.283576	530018304	13.781729	572469248	0.000000	0.000000	40
7	2026-09-13T03:48:21.85036914Z	7013	app.service	0	0.000000	0.000000	0.000000	0.000000	0	0.000000	0	0.000000	0.000000	0
7	2026-09-13T03:48:21.85036914Z	7013	nginx.service	1	0.000000	0.000000	0.000000	0.000000	182706176	4.750793	330735616	0.000000	0.000000	3
7	2026-09-13T03:48:21.85036914Z	7013	mysql.service	1	0.235939	0.117969	0.118119	0.117919	530018304	13.781729	572469248	0.000000	0.000000	40
8	2026-09-13T03:48:22.850367902Z	8013	app.service	0	0.000000	0.000000	0.000000	0.000000	0	0.000000	0	0.000000	0.000000	0
8	2026-09-13T03:48:22.850367902Z	8013	nginx.service	1	0.000000	0.000000	0.000000	0.000000	182706176	4.750793	330735616	0.000000	0.000000	3
8	2026-09-13T03:48:22.850367902Z	8013	mysql.service	1	0.280000	0.140000	0.280000	0.000000	530018304	13.781729	572469248	0.000000	0.000000	40
9	2026-09-13T03:48:23.850371313Z	9013	app.service	0	0.000000	0.000000	0.000000	0.000000	0	0.000000	0	0.000000	0.000000	0
9	2026-09-13T03:48:23.850371313Z	9013	nginx.service	1	0.000000	0.000000	0.000000	0.000000	182706176	4.750793	330735616	0.000000	0.000000	3
9	2026-09-13T03:48:23.850371313Z	9013	mysql.service	1	0.275099	0.137550	0.000000	0.274999	530018304	13.781729	572469248	0.000000	0.000000	40
10	2026-09-13T03:48:24.850365512Z	10013	app.service	0	0.000000	0.000000	0.000000	0.000000	0	0.000000	0	0.000000	0.000000	0
10	2026-09-13T03:48:24.850365512Z	10013	nginx.service	1	0.000000	0.000000	0.000000	0.000000	182706176	4.750793	330735616	0.000000	0.000000	3
10	2026-09-13T03:48:24.850365512Z	10013	mysql.service	1	0.259102	0.129551	0.000000	0.259102	530018304	13.781729	572469248	0.000000	0.000000	40
11	2026-09-13T03:48:25.850370515Z	11013	app.service	0	0.000000	0.000000	0.000000	0.000000	0	0.000000	0	0.000000	0.000000	0
11	2026-09-13T03:48:25.850370515Z	11013	nginx.service	1	0.000000	0.000000	0.000000	0.000000	182706176	4.750793	330735616	0.000000	0.000000	3
11	2026-09-13T03:48:25.850370515Z	11013	mysql.service	1	0.271299	0.135649	0.000000	0.271299	530018304	13.781729	572469248	0.000000	0.000000	40
12	2026-09-13T03:48:26.850363315Z	12013	app.service	0	0.000000	0.000000	0.000000	0.000000	0	0.000000	0	0.000000	0.000000	0
12	2026-09-13T03:48:26.850363315Z	12013	nginx.service	1	0.000000	0.000000	0.000000	0.000000	182706176	4.750793	330735616	0.000000	0.000000	3
12	2026-09-13T03:48:26.850363315Z	12013	mysql.service	1	0.258502	0.129251	0.066000	0.192601	530018304	13.781729	572469248	0.000000	0.000000	40
13	2026-09-13T03:48:27.85037217Z	13013	app.service	0	0.000000	0.000000	0.000000	0.000000	0	0.000000	0	0.000000	0.000000	0
13	2026-09-13T03:48:27.85037217Z	13013	nginx.service	1	0.000000	0.000000	0.000000	0.000000	182706176	4.750793	330735616	0.000000	0.000000	3
13	2026-09-13T03:48:27.85037217Z	13013	mysql.service	1	0.248298	0.124149	0.127599	0.120699	530018304	13.781729	572469248	0.000000	0.000000	40
14	2026-09-13T03:48:28.850381186Z	14013	app.service	0	0.000000	0.000000	0.000000	0.000000	0	0.000000	0	0.000000	0.000000	0
14	2026-09-13T03:48:28.850381186Z	14013	nginx.service	1	0.000000	0.000000	0.000000	0.000000	182706176	4.750793	330735616	0.000000	0.000000	3
14	2026-09-13T03:48:28.850381186Z	14013	mysql.service	1	0.283297	0.141649	0.283197	0.000000	530018304	13.781729	572469248	0.000000	0.000000	40
15	2026-09-13T03:48:29.850380346Z	15013	app.service	0	0.000000	0.000000	0.000000	0.000000	0	0.000000	0	0.000000	0.000000	0
15	2026-09-13T03:48:29.850380346Z	15013	nginx.service	1	0.000000	0.000000	0.000000	0.000000	182706176	4.750793	330735616	0.000000	0.000000	3
15	2026-09-13T03:48:29.850380346Z	15013	mysql.service	1	0.241400	0.120700	0.241500	0.000000	530018304	13.781729	572469248	0.000000	0.000000	40
16	2026-09-13T03:48:30.850423353Z	16013	app.service	0	0.000000	0.000000	0.000000	0.000000	0	0.000000	0	0.000000	0.000000	0
16	2026-09-13T03:48:30.850423353Z	16013	nginx.service	1	0.000000	0.000000	0.000000	0.000000	182706176	4.750793	330735616	0.000000	0.000000	3
16	2026-09-13T03:48:30.850423353Z	16013	mysql.service	1	0.274788	0.137394	0.177692	0.097096	530018304	13.781729	572469248	0.000000	0.000000	40
17	2026-09-13T03:48:31.850461127Z	17013	app.service	0	0.000000	0.000000	0.000000	0.000000	0	0.000000	0	0.000000	0.000000	0
17	2026-09-13T03:48:31.850461127Z	17013	nginx.service	1	0.000000	0.000000	0.000000	0.000000	182706176	4.750793	330735616	0.000000	0.000000	3
17	2026-09-13T03:48:31.850461127Z	17013	mysql.service	1	0.252490	0.126245	0.129695	0.122695	530018304	13.781729	572469248	0.000000	0.000000	40
18	2026-09-13T03:48:32.850367926Z	18013	app.service	0	0.000000	0.000000	0.000000	0.000000	0	0.000000	0	0.000000	0.000000	0
18	2026-09-13T03:48:32.850367926Z	18013	nginx.service	1	0.000000	0.000000	0.000000	0.000000	182706176	4.750793	330735616	0.000000	0.000000	3
18	2026-09-13T03:48:32.850367926Z	18013	mysql.service	1	0.267925	0.133962	0.137813	0.130212	530018304	13.781729	572469248	0.000000	0.000000	40
19	2026-09-13T03:48:33.85037274Z	19013	app.service	0	0.000000	0.000000	0.000000	0.000000	0	0.000000	0	0.000000	0.000000	0
19	2026-09-13T03:48:33.85037274Z	19013	nginx.service	1	0.000000	0.000000	0.000000	0.000000	182706176	4.750793	330735616	0.000000	0.000000	3
19	2026-09-13T03:48:33.85037274Z	19013	mysql.service	1	0.272799	0.136399	0.140199	0.132599	530018304	13.781729	572469248	0.000000	0.000000	40
20	2026-09-13T03:48:34.850385008Z	20013	app.service	0	0.000000	0.000000	0.000000	0.000000	0	0.000000	0	0.000000	0.000000	0
20	2026-09-13T03:48:34.850385008Z	20013	nginx.service	1	0.000000	0.000000	0.000000	0.000000	182706176	4.750793	330735616	0.000000	0.000000	3
20	2026-09-13T03:48:34.850385008Z	20013	mysql.service	1	0.256797	0.128398	0.131998	0.124798	530018304	13.781729	572469248	0.000000	0.000000	40
21	2026-09-13T03:48:35.850510567Z	21013	app.service	0	0.000000	0.000000	0.000000	0.000000	0	0.000000	0	0.000000	0.000000	0
21	2026-09-13T03:48:35.850510567Z	21013	nginx.service	1	0.000000	0.000000	0.000000	0.000000	182706176	4.750793	330735616	0.000000	0.000000	3
21	2026-09-13T03:48:35.850510567Z	21013	mysql.service	1	0.274865	0.137433	0.141182	0.133583	530018304	13.781729	572469248	0.000000	0.000000	40
22	2026-09-13T03:48:36.850461768Z	22013	app.service	0	0.000000	0.000000	0.000000	0.000000	0	0.000000	0	0.000000	0.000000	0
22	2026-09-13T03:48:36.850461768Z	22013	nginx.service	1	0.000000	0.000000	0.000000	0.000000	182706176	4.750793	330735616	0.000000	0.000000	3
22	2026-09-13T03:48:36.850461768Z	22013	mysql.service	1	0.265413	0.132706	0.136407	0.129006	530018304	13.781729	572469248	0.000000	0.000000	40
23	2026-09-13T03:48:37.850429824Z	23013	app.service	0	0.000000	0.000000	0.000000	0.000000	0	0.000000	0	0.000000	0.000000	0
23	2026-09-13T03:48:37.850429824Z	23013	nginx.service	1	0.000000	0.000000	0.000000	0.000000	182706176	4.750793	330735616	0.000000	0.000000	3
23	2026-09-13T03:48:37.850429824Z	23013	mysql.service	1	0.274809	0.137404	0.141305	0.133604	530018304	13.781729	572469248	0.000000	0.000000	40
24	2026-09-13T03:48:38.85058346Z	24013	app.service	0	0.000000	0.000000	0.000000	0.000000	0	0.000000	0	0.000000	0.000000	0
24	2026-09-13T03:48:38.85058346Z	24013	nginx.service	1	0.000000	0.000000	0.000000	0.000000	182706176	4.750793	330735616	0.000000	0.000000	3
24	2026-09-13T03:48:38.85058346Z	24013	mysql.service	1	0.277757	0.138879	0.142678	0.134979	530018304	13.781729	572469248	0.000000	0.000000	40
25	2026-09-13T03:48:39.850584669Z	25013	app.service	0	0.000000	0.000000	0.000000	0.000000	0	0.000000	0	0.000000	0.000000	0
25	2026-09-13T03:48:39.850584669Z	25013	nginx.service	1	0.000000	0.000000	0.000000	0.000000	182706176	4.750793	330735616	0.000000	0.000000	3
25	2026-09-13T03:48:39.850584669Z	25013	mysql.service	1	0.248700	0.124350	0.127900	0.120900	530018304	13.781729	572469248	0.000000	0.000000	40
26	2026-09-13T03:48:40.85045918Z	26013	app.service	0	0.000000	0.000000	0.000000	0.000000	0	0.000000	0	0.000000	0.000000	0
26	2026-09-13T03:48:40.85045918Z	26013	nginx.service	1	0.000000	0.000000	0.000000	0.000000	182706176	4.750793	330735616	0.000000	0.000000	3
26	2026-09-13T03:48:40.85045918Z	26013	mysql.service	1	0.284236	0.142118	0.146018	0.138117	530018304	13.781729	572469248	0.000000	0.000000	40
27	2026-09-13T03:48:41.850385826Z	27013	app.service	0	0.000000	0.000000	0.000000	0.000000	0	0.000000	0	0.000000	0.000000	0
27	2026-09-13T03:48:41.850385826Z	27013	nginx.service	1	0.000000	0.000000	0.000000	0.000000	182706176	4.750793	330735616	0.000000	0.000000	3
27	2026-09-13T03:48:41.850385826Z	27013	mysql.service	1	0.268320	0.134160	0.138010	0.130410	530018304	13.781729	572469248	0.000000	0.000000	40
28	2026-09-13T03:48:42.850368107Z	28013	app.service	0	0.000000	0.000000	0.000000	0.000000	0	0.000000	0	0.000000	0.000000	0
28	2026-09-13T03:48:42.850368107Z	28013	nginx.service	1	0.000000	0.000000	0.000000	0.000000	182706176	4.750793	330735616	0.000000	0.000000	3
28	2026-09-13T03:48:42.850368107Z	28013	mysql.service	1	0.245804	0.122902	0.245804	0.000000	530018304	13.781729	572469248	0.000000	0.000000	40
29	2026-09-13T03:48:43.851187815Z	29013	app.service	0	0.000000	0.000000	0.000000	0.000000	0	0.000000	0	0.000000	0.000000	0
29	2026-09-13T03:48:43.851187815Z	29013	nginx.service	1	0.000000	0.000000	0.000000	0.000000	182706176	4.750793	330735616	0.000000	0.000000	3
29	2026-09-13T03:48:43.851187815Z	29013	mysql.service	1	0.276074	0.138037	0.276074	0.000000	530018304	13.781729	572469248	0.000000	0.000000	40
30	2026-09-13T03:48:44.851074781Z	30013	app.service	0	0.000000	0.000000	0.000000	0.000000	0	0.000000	0	0.000000	0.000000	0
30	2026-09-13T03:48:44.851074781Z	30013	nginx.service	1	0.000000	0.000000	0.000000	0.000000	182706176	4.750793	330735616	0.000000	0.000000	3
30	2026-09-13T03:48:44.851074781Z	30013	mysql.service	1	0.270931	0.135465	0.194722	0.076209	530018304	13.781729	572469248	0.000000	0.000000	40
31	2026-09-13T03:48:45.851279613Z	31013	app.service	0	0.000000	0.000000	0.000000	0.000000	0	0.000000	0	0.000000	0.000000	0
31	2026-09-13T03:48:45.851279613Z	31013	nginx.service	1	0.000000	0.000000	0.000000	0.000000	182706176	4.750793	330735616	0.000000	0.000000	3
31	2026-09-13T03:48:45.851279613Z	31013	mysql.service	1	0.273244	0.136622	0.140471	0.132773	530018304	13.781729	572469248	0.000000	0.000000	40
32	2026-09-13T03:48:46.851123216Z	32013	app.service	0	0.000000	0.000000	0.000000	0.000000	0	0.000000	0	0.000000	0.000000	0
32	2026-09-13T03:48:46.851123216Z	32013	nginx.service	1	0.000000	0.000000	0.000000	0.000000	182706176	4.750793	330735616	0.000000	0.000000	3
32	2026-09-13T03:48:46.851123216Z	32013	mysql.service	1	0.262641	0.131321	0.134921	0.127720	530018304	13.781729	572469248	0.000000	0.000000	40
33	2026-09-13T03:48:47.850322506Z	33013	app.service	0	0.000000	0.000000	0.000000	0.000000	0	0.000000	0	0.000000	0.000000	0
33	2026-09-13T03:48:47.850322506Z	33013	nginx.service	1	0.000000	0.000000	0.000000	0.000000	182706176	4.750793	330735616	0.000000	0.000000	3
33	2026-09-13T03:48:47.850322506Z	33013	mysql.service	1	0.245597	0.122798	0.126201	0.119296	530018304	13.781729	572469248	0.000000	0.000000	40
34	2026-09-13T03:48:48.850786283Z	34013	app.service	0	0.000000	0.000000	0.000000	0.000000	0	0.000000	0	0.000000	0.000000	0
34	2026-09-13T03:48:48.850786283Z	34013	nginx.service	1	0.000000	0.000000	0.000000	0.000000	182706176	4.750793	330735616	0.000000	0.000000	3
34	2026-09-13T03:48:48.850786283Z	34013	mysql.service	1	0.272374	0.136187	0.140035	0.132339	530018304	13.781729	572469248	0.000000	0.000000	40
35	2026-09-13T03:48:49.850943653Z	35013	app.service	0	0.000000	0.000000	0.000000	0.000000	0	0.000000	0	0.000000	0.000000	0
35	2026-09-13T03:48:49.850943653Z	35013	nginx.service	1	0.000000	0.000000	0.000000	0.000000	182706176	4.750793	330735616	0.000000	0.000000	3
35	2026-09-13T03:48:49.850943653Z	35013	mysql.service	1	0.261859	0.130929	0.134579	0.127280	530018304	13.781729	572469248	0.000000	0.000000	40
36	2026-09-13T03:48:50.851148152Z	36013	app.service	0	0.000000	0.000000	0.000000	0.000000	0	0.000000	0	0.000000	0.000000	0
36	2026-09-13T03:48:50.851148152Z	36013	nginx.service	1	0.000000	0.000000	0.000000	0.000000	182706176	4.750793	330735616	0.000000	0.000000	3
36	2026-09-13T03:48:50.851148152Z	36013	mysql.service	1	0.268745	0.134373	0.000000	0.268845	530022400	13.781836	572469248	0.000000	0.000000	40
37	2026-09-13T03:48:51.850373544Z	37013	app.service	0	0.000000	0.000000	0.000000	0.000000	0	0.000000	0	0.000000	0.000000	0
37	2026-09-13T03:48:51.850373544Z	37013	nginx.service	1	0.000000	0.000000	0.000000	0.000000	182706176	4.750793	330735616	0.000000	0.000000	3
37	2026-09-13T03:48:51.850373544Z	37013	mysql.service	1	0.267807	0.133904	0.000000	0.267707	530018304	13.781729	572469248	0.000000	0.000000	40
38	2026-09-13T03:48:52.850372736Z	38013	app.service	0	0.000000	0.000000	0.000000	0.000000	0	0.000000	0	0.000000	0.000000	0
38	2026-09-13T03:48:52.850372736Z	38013	nginx.service	1	0.000000	0.000000	0.000000	0.000000	182706176	4.750793	330735616	0.000000	0.000000	3
38	2026-09-13T03:48:52.850372736Z	38013	mysql.service	1	0.269300	0.134650	0.000000	0.269400	530018304	13.781729	572469248	0.000000	0.000000	40
39	2026-09-13T03:48:53.85113629Z	39013	app.service	0	0.000000	0.000000	0.000000	0.000000	0	0.000000	0	0.000000	0.000000	0
39	2026-09-13T03:48:53.85113629Z	39013	nginx.service	1	0.000000	0.000000	0.000000	0.000000	182706176	4.750793	330735616	0.000000	0.000000	3
39	2026-09-13T03:48:53.85113629Z	39013	mysql.service	1	0.263898	0.131949	0.000000	0.263799	530018304	13.781729	572469248	0.000000	0.000000	40
40	2026-09-13T03:48:54.851222097Z	40013	app.service	0	0.000000	0.000000	0.000000	0.000000	0	0.000000	0	0.000000	0.000000	0
40	2026-09-13T03:48:54.851222097Z	40013	nginx.service	1	0.000000	0.000000	0.000000	0.000000	182706176	4.750793	330735616	0.000000	0.000000	3
40	2026-09-13T03:48:54.851222097Z	40013	mysql.service	1	0.260578	0.130289	0.000000	0.260678	530018304	13.781729	572469248	0.000000	0.000000	40
41	2026-09-13T03:48:55.850385749Z	41013	app.service	0	0.000000	0.000000	0.000000	0.000000	0	0.000000	0	0.000000	0.000000	0
41	2026-09-13T03:48:55.850385749Z	41013	nginx.service	1	0.000000	0.000000	0.000000	0.000000	182706176	4.750793	330735616	0.000000	0.000000	3
41	2026-09-13T03:48:55.850385749Z	41013	mysql.service	1	0.269125	0.134563	0.269125	0.000000	530018304	13.781729	572469248	0.000000	0.000000	40
42	2026-09-13T03:48:56.850411553Z	42013	app.service	0	0.000000	0.000000	0.000000	0.000000	0	0.000000	0	0.000000	0.000000	0
42	2026-09-13T03:48:56.850411553Z	42013	nginx.service	1	0.000000	0.000000	0.000000	0.000000	182706176	4.750793	330735616	0.000000	0.000000	3
42	2026-09-13T03:48:56.850411553Z	42013	mysql.service	1	0.265893	0.132947	0.265793	0.000000	530018304	13.781729	572469248	0.000000	0.000000	40
43	2026-09-13T03:48:57.850439138Z	43013	app.service	0	0.000000	0.000000	0.000000	0.000000	0	0.000000	0	0.000000	0.000000	0
43	2026-09-13T03:48:57.850439138Z	43013	nginx.service	1	0.000000	0.000000	0.000000	0.000000	182706176	4.750793	330735616	0.000000	0.000000	3
43	2026-09-13T03:48:57.850439138Z	43013	mysql.service	1	0.278692	0.139346	0.186795	0.091897	530018304	13.781729	572469248	0.000000	0.000000	40
44	2026-09-13T03:48:58.850371444Z	44013	app.service	0	0.000000	0.000000	0.000000	0.000000	0	0.000000	0	0.000000	0.000000	0
44	2026-09-13T03:48:58.850371444Z	44013	nginx.service	1	0.000000	0.000000	0.000000	0.000000	182706176	4.750793	330735616	0.000000	0.000000	3
44	2026-09-13T03:48:58.850371444Z	44013	mysql.service	1	0.247317	0.123658	0.127109	0.120208	530018304	13.781729	572469248	0.000000	0.000000	40
45	2026-09-13T03:48:59.850371958Z	45013	app.service	0	0.000000	0.000000	0.000000	0.000000	0	0.000000	0	0.000000	0.000000	0
45	2026-09-13T03:48:59.850371958Z	45013	nginx.service	1	0.000000	0.000000	0.000000	0.000000	182706176	4.750793	330735616	0.000000	0.000000	3
45	2026-09-13T03:48:59.850371958Z	45013	mysql.service	1	0.275100	0.137550	0.141500	0.133700	530018304	13.781729	572469248	0.000000	0.000000	40
46	2026-09-13T03:49:00.850371283Z	46013	app.service	0	0.000000	0.000000	0.000000	0.000000	0	0.000000	0	0.000000	0.000000	0
46	2026-09-13T03:49:00.850371283Z	46013	nginx.service	1	0.000000	0.000000	0.000000	0.000000	182706176	4.750793	330735616	0.000000	0.000000	3
46	2026-09-13T03:49:00.850371283Z	46013	mysql.service	1	0.275600	0.137800	0.000000	0.275600	530018304	13.781729	572469248	0.000000	0.000000	40
47	2026-09-13T03:49:01.850355208Z	47013	app.service	0	0.000000	0.000000	0.000000	0.000000	0	0.000000	0	0.000000	0.000000	0
47	2026-09-13T03:49:01.850355208Z	47013	nginx.service	1	0.000000	0.000000	0.000000	0.000000	182706176	4.750793	330735616	0.000000	0.000000	3
47	2026-09-13T03:49:01.850355208Z	47013	mysql.service	1	0.268104	0.134052	0.261604	0.006500	530018304	13.781729	572469248	0.000000	0.000000	40
48	2026-09-13T03:49:02.850371907Z	48013	app.service	0	0.000000	0.000000	0.000000	0.000000	0	0.000000	0	0.000000	0.000000	0
48	2026-09-13T03:49:02.850371907Z	48013	nginx.service	1	0.000000	0.000000	0.000000	0.000000	182706176	4.750793	330735616	0.000000	0.000000	3
48	2026-09-13T03:49:02.850371907Z	48013	mysql.service	1	0.275995	0.137998	0.275895	0.000000	530018304	13.781729	572469248	0.000000	0.000000	40
49	2026-09-13T03:49:03.851127047Z	49013	app.service	0	0.000000	0.000000	0.000000	0.000000	0	0.000000	0	0.000000	0.000000	0
49	2026-09-13T03:49:03.851127047Z	49013	nginx.service	1	0.000000	0.000000	0.000000	0.000000	182706176	4.750793	330735616	0.000000	0.000000	3
49	2026-09-13T03:49:03.851127047Z	49013	mysql.service	1	0.257406	0.128703	0.257506	0.000000	530018304	13.781729	572469248	0.000000	0.000000	40
50	2026-09-13T03:49:04.850919519Z	50013	app.service	0	0.000000	0.000000	0.000000	0.000000	0	0.000000	0	0.000000	0.000000	0
50	2026-09-13T03:49:04.850919519Z	50013	nginx.service	1	0.000000	0.000000	0.000000	0.000000	182706176	4.750793	330735616	0.000000	0.000000	3
50	2026-09-13T03:49:04.850919519Z	50013	mysql.service	1	0.263855	0.131927	0.000000	0.263855	530018304	13.781729	572469248	0.000000	0.000000	40
51	2026-09-13T03:49:05.851131221Z	51013	app.service	0	0.000000	0.000000	0.000000	0.000000	0	0.000000	0	0.000000	0.000000	0
51	2026-09-13T03:49:05.851131221Z	51013	nginx.service	1	0.000000	0.000000	0.000000	0.000000	182706176	4.750793	330735616	0.000000	0.000000	3
51	2026-09-13T03:49:05.851131221Z	51013	mysql.service	1	0.271043	0.135521	0.000000	0.271043	530018304	13.781729	572469248	0.000000	0.000000	40
52	2026-09-13T03:49:06.85036353Z	52013	app.service	0	0.000000	0.000000	0.000000	0.000000	0	0.000000	0	0.000000	0.000000	0
52	2026-09-13T03:49:06.85036353Z	52013	nginx.service	1	0.000000	0.000000	0.000000	0.000000	182706176	4.750793	330735616	0.000000	0.000000	3
52	2026-09-13T03:49:06.85036353Z	52013	mysql.service	1	0.260300	0.130150	0.131601	0.128699	530018304	13.781729	572469248	0.000000	0.000000	40
53	2026-09-13T03:49:07.850307946Z	53013	app.service	0	0.000000	0.000000	0.000000	0.000000	0	0.000000	0	0.000000	0.000000	0
53	2026-09-13T03:49:07.850307946Z	53013	nginx.service	1	0.000000	0.000000	0.000000	0.000000	182706176	4.750793	330735616	0.000000	0.000000	3
53	2026-09-13T03:49:07.850307946Z	53013	mysql.service	1	0.245614	0.122807	0.126207	0.119307	530018304	13.781729	572469248	0.000000	0.000000	40
54	2026-09-13T03:49:08.850367372Z	54013	app.service	0	0.000000	0.000000	0.000000	0.000000	0	0.000000	0	0.000000	0.000000	0
54	2026-09-13T03:49:08.850367372Z	54013	nginx.service	1	0.000000	0.000000	0.000000	0.000000	182706176	4.750793	330735616	0.000000	0.000000	3
54	2026-09-13T03:49:08.850367372Z	54013	mysql.service	1	0.267284	0.133642	0.119593	0.147691	530018304	13.781729	572469248	0.000000	0.000000	40
55	2026-09-13T03:49:09.851282498Z	55013	app.service	0	0.000000	0.000000	0.000000	0.000000	0	0.000000	0	0.000000	0.000000	0
55	2026-09-13T03:49:09.851282498Z	55013	nginx.service	1	0.000000	0.000000	0.000000	0.000000	182706176	4.750793	330735616	0.000000	0.000000	3
55	2026-09-13T03:49:09.851282498Z	55013	mysql.service	1	0.250371	0.125185	0.128682	0.121689	530018304	13.781729	572469248	0.000000	0.000000	40
56	2026-09-13T03:49:10.851283555Z	56013	app.service	0	0.000000	0.000000	0.000000	0.000000	0	0.000000	0	0.000000	0.000000	0
56	2026-09-13T03:49:10.851283555Z	56013	nginx.service	1	0.000000	0.000000	0.000000	0.000000	182706176	4.750793	330735616	0.000000	0.000000	3
56	2026-09-13T03:49:10.851283555Z	56013	mysql.service	1	0.269100	0.134550	0.138300	0.130800	530018304	13.781729	572469248	0.000000	0.000000	40
57	2026-09-13T03:49:11.850368207Z	57013	app.service	0	0.000000	0.000000	0.000000	0.000000	0	0.000000	0	0.000000	0.000000	0
57	2026-09-13T03:49:11.850368207Z	57013	nginx.service	1	0.000000	0.000000	0.000000	0.000000	182706176	4.750793	330735616	0.000000	0.000000	3
57	2026-09-13T03:49:11.850368207Z	57013	mysql.service	1	0.263741	0.131871	0.263741	0.000000	530018304	13.781729	572469248	0.000000	0.000000	40
58	2026-09-13T03:49:12.850401502Z	58013	app.service	0	0.000000	0.000000	0.000000	0.000000	0	0.000000	0	0.000000	0.000000	0
58	2026-09-13T03:49:12.850401502Z	58013	nginx.service	1	0.000000	0.000000	0.000000	0.000000	182706176	4.750793	330735616	0.000000	0.000000	3
58	2026-09-13T03:49:12.850401502Z	58013	mysql.service	1	0.263891	0.131946	0.263891	0.000000	530018304	13.781729	572469248	0.000000	0.000000	40
59	2026-09-13T03:49:13.850994444Z	59013	app.service	0	0.000000	0.000000	0.000000	0.000000	0	0.000000	0	0.000000	0.000000	0
59	2026-09-13T03:49:13.850994444Z	59013	nginx.service	1	0.000000	0.000000	0.000000	0.000000	182706176	4.750793	330735616	0.000000	0.000000	3
59	2026-09-13T03:49:13.850994444Z	59013	mysql.service	1	0.257747	0.128874	0.257747	0.000000	530018304	13.781729	572469248	0.000000	0.000000	40
60	2026-09-13T03:49:14.850373193Z	60013	app.service	0	0.000000	0.000000	0.000000	0.000000	0	0.000000	0	0.000000	0.000000	0
60	2026-09-13T03:49:14.850373193Z	60013	nginx.service	1	0.000000	0.000000	0.000000	0.000000	182706176	4.750793	330735616	0.000000	0.000000	3
60	2026-09-13T03:49:14.850373193Z	60013	mysql.service	1	0.255058	0.127529	0.255058	0.000000	530018304	13.781729	572469248	0.000000	0.000000	40
61	2026-09-13T03:49:15.850440889Z	61013	app.service	0	0.000000	0.000000	0.000000	0.000000	0	0.000000	0	0.000000	0.000000	0
61	2026-09-13T03:49:15.850440889Z	61013	nginx.service	1	0.000000	0.000000	0.000000	0.000000	182706176	4.750793	330735616	0.000000	0.000000	3
61	2026-09-13T03:49:15.850440889Z	61013	mysql.service	1	0.279281	0.139641	0.279281	0.000000	530018304	13.781729	572469248	0.000000	0.000000	40
62	2026-09-13T03:49:16.850378132Z	62013	app.service	0	0.000000	0.000000	0.000000	0.000000	0	0.000000	0	0.000000	0.000000	0
62	2026-09-13T03:49:16.850378132Z	62013	nginx.service	1	0.000000	0.000000	0.000000	0.000000	182706176	4.750793	330735616	0.000000	0.000000	3
62	2026-09-13T03:49:16.850378132Z	62013	mysql.service	1	0.264117	0.132058	0.264117	0.000000	530018304	13.781729	572469248	0.000000	0.000000	40
63	2026-09-13T03:49:17.850446738Z	63013	app.service	0	0.000000	0.000000	0.000000	0.000000	0	0.000000	0	0.000000	0.000000	0
63	2026-09-13T03:49:17.850446738Z	63013	nginx.service	1	0.000000	0.000000	0.000000	0.000000	182706176	4.750793	330735616	0.000000	0.000000	3
63	2026-09-13T03:49:17.850446738Z	63013	mysql.service	1	0.258582	0.129291	0.258582	0.000000	530018304	13.781729	572469248	0.000000	0.000000	40
64	2026-09-13T03:49:18.85048494Z	64013	app.service	0	0.000000	0.000000	0.000000	0.000000	0	0.000000	0	0.000000	0.000000	0
64	2026-09-13T03:49:18.85048494Z	64013	nginx.service	1	0.000000	0.000000	0.000000	0.000000	182706176	4.750793	330735616	0.000000	0.000000	3
64	2026-09-13T03:49:18.85048494Z	64013	mysql.service	1	0.264690	0.132345	0.264690	0.000000	530022400	13.781836	572469248	0.000000	0.000000	40
65	2026-09-13T03:49:19.850367202Z	65013	app.service	0	0.000000	0.000000	0.000000	0.000000	0	0.000000	0	0.000000	0.000000	0
65	2026-09-13T03:49:19.850367202Z	65013	nginx.service	1	0.000000	0.000000	0.000000	0.000000	182706176	4.750793	330735616	0.000000	0.000000	3
65	2026-09-13T03:49:19.850367202Z	65013	mysql.service	1	0.250930	0.125465	0.250930	0.000000	530018304	13.781729	572469248	0.000000	0.000000	40
66	2026-09-13T03:49:20.85034513Z	66013	app.service	0	0.000000	0.000000	0.000000	0.000000	0	0.000000	0	0.000000	0.000000	0
66	2026-09-13T03:49:20.85034513Z	66013	nginx.service	1	0.000000	0.000000	0.000000	0.000000	182706176	4.750793	330735616	0.000000	0.000000	3
66	2026-09-13T03:49:20.85034513Z	66013	mysql.service	1	0.267406	0.133703	0.210705	0.056801	530018304	13.781729	572469248	0.000000	0.000000	40
67	2026-09-13T03:49:21.850432107Z	67013	app.service	0	0.000000	0.000000	0.000000	0.000000	0	0.000000	0	0.000000	0.000000	0
67	2026-09-13T03:49:21.850432107Z	67013	nginx.service	1	0.000000	0.000000	0.000000	0.000000	182706176	4.750793	330735616	0.000000	0.000000	3
67	2026-09-13T03:49:21.850432107Z	67013	mysql.service	1	0.246779	0.123389	0.126889	0.119890	530018304	13.781729	572469248	0.000000	0.000000	40
68	2026-09-13T03:49:22.850385084Z	68013	app.service	0	0.000000	0.000000	0.000000	0.000000	0	0.000000	0	0.000000	0.000000	0
68	2026-09-13T03:49:22.850385084Z	68013	nginx.service	1	0.000000	0.000000	0.000000	0.000000	182706176	4.750793	330735616	0.000000	0.000000	3
68	2026-09-13T03:49:22.850385084Z	68013	mysql.service	1	0.272513	0.136256	0.272413	0.000000	530018304	13.781729	572469248	0.000000	0.000000	40
69	2026-09-13T03:49:23.85050341Z	69013	app.service	0	0.000000	0.000000	0.000000	0.000000	0	0.000000	0	0.000000	0.000000	0
69	2026-09-13T03:49:23.85050341Z	69013	nginx.service	1	0.000000	0.000000	0.000000	0.000000	182706176	4.750793	330735616	0.000000	0.000000	3
69	2026-09-13T03:49:23.85050341Z	69013	mysql.service	1	0.269968	0.134984	0.270068	0.000000	530018304	13.781729	572469248	0.000000	0.000000	40
70	2026-09-13T03:49:24.850507298Z	70013	app.service	0	0.000000	0.000000	0.000000	0.000000	0	0.000000	0	0.000000	0.000000	0
70	2026-09-13T03:49:24.850507298Z	70013	nginx.service	1	0.000000	0.000000	0.000000	0.000000	182706176	4.750793	330735616	0.000000	0.000000	3
70	2026-09-13T03:49:24.850507298Z	70013	mysql.service	1	0.252699	0.126350	0.252699	0.000000	530018304	13.781729	572469248	0.000000	0.000000	40
71	2026-09-13T03:49:25.850405962Z	71013	app.service	0	0.000000	0.000000	0.000000	0.000000	0	0.000000	0	0.000000	0.000000	0
71	2026-09-13T03:49:25.850405962Z	71013	nginx.service	1	0.000000	0.000000	0.000000	0.000000	182706176	4.750793	330735616	0.000000	0.000000	3
71	2026-09-13T03:49:25.850405962Z	71013	mysql.service	1	0.251925	0.125963	0.251825	0.000000	530018304	13.781729	572469248	0.000000	0.000000	40
72	2026-09-13T03:49:26.850373858Z	72013	app.service	0	0.000000	0.000000	0.000000	0.000000	0	0.000000	0	0.000000	0.000000	0
72	2026-09-13T03:49:26.850373858Z	72013	nginx.service	1	0.000000	0.000000	0.000000	0.000000	182706176	4.750793	330735616	0.000000	0.000000	3
72	2026-09-13T03:49:26.850373858Z	72013	mysql.service	1	0.257408	0.128704	0.257408	0.000000	530018304	13.781729	572469248	0.000000	0.000000	40
73	2026-09-13T03:49:27.851100983Z	73013	app.service	0	0.000000	0.000000	0.000000	0.000000	0	0.000000	0	0.000000	0.000000	0
73	2026-09-13T03:49:27.851100983Z	73013	nginx.service	1	0.000000	0.000000	0.000000	0.000000	182706176	4.750793	330735616	0.000000	0.000000	3
73	2026-09-13T03:49:27.851100983Z	73013	mysql.service	1	0.245621	0.122811	0.245621	0.000000	530018304	13.781729	572469248	0.000000	0.000000	40
74	2026-09-13T03:49:28.850973417Z	74013	app.service	0	0.000000	0.000000	0.000000	0.000000	0	0.000000	0	0.000000	0.000000	0
74	2026-09-13T03:49:28.850973417Z	74013	nginx.service	1	0.000000	0.000000	0.000000	0.000000	182706176	4.750793	330735616	0.000000	0.000000	3
74	2026-09-13T03:49:28.850973417Z	74013	mysql.service	1	0.255333	0.127666	0.255333	0.000000	530018304	13.781729	572469248	0.000000	0.000000	40
75	2026-09-13T03:49:29.850982029Z	75013	app.service	0	0.000000	0.000000	0.000000	0.000000	0	0.000000	0	0.000000	0.000000	0
75	2026-09-13T03:49:29.850982029Z	75013	nginx.service	1	0.000000	0.000000	0.000000	0.000000	182706176	4.750793	330735616	0.000000	0.000000	3
75	2026-09-13T03:49:29.850982029Z	75013	mysql.service	1	0.245698	0.122849	0.176498	0.069299	530018304	13.781729	572469248	0.000000	0.000000	40
76	2026-09-13T03:49:30.85099549Z	76013	app.service	0	0.000000	0.000000	0.000000	0.000000	0	0.000000	0	0.000000	0.000000	0
76	2026-09-13T03:49:30.85099549Z	76013	nginx.service	1	0.000000	0.000000	0.000000	0.000000	182706176	4.750793	330735616	0.000000	0.000000	3
76	2026-09-13T03:49:30.85099549Z	76013	mysql.service	1	0.260596	0.130298	0.133898	0.126598	530018304	13.781729	572469248	0.000000	0.000000	40
77	2026-09-13T03:49:31.850372431Z	77013	app.service	0	0.000000	0.000000	0.000000	0.000000	0	0.000000	0	0.000000	0.000000	0
77	2026-09-13T03:49:31.850372431Z	77013	nginx.service	1	0.000000	0.000000	0.000000	0.000000	182706176	4.750793	330735616	0.000000	0.000000	3
77	2026-09-13T03:49:31.850372431Z	77013	mysql.service	1	0.247754	0.123877	0.247854	0.000000	530018304	13.781729	572469248	0.000000	0.000000	40
78	2026-09-13T03:49:32.850663348Z	78013	app.service	0	0.000000	0.000000	0.000000	0.000000	0	0.000000	0	0.000000	0.000000	0
78	2026-09-13T03:49:32.850663348Z	78013	nginx.service	1	0.000000	0.000000	0.000000	0.000000	182706176	4.750793	330735616	0.000000	0.000000	3
78	2026-09-13T03:49:32.850663348Z	78013	mysql.service	1	0.252826	0.126413	0.252726	0.000000	530018304	13.781729	572469248	0.000000	0.000000	40
79	2026-09-13T03:49:33.850368494Z	79013	app.service	0	0.000000	0.000000	0.000000	0.000000	0	0.000000	0	0.000000	0.000000	0
79	2026-09-13T03:49:33.850368494Z	79013	nginx.service	1	0.000000	0.000000	0.000000	0.000000	182706176	4.750793	330735616	0.000000	0.000000	3
79	2026-09-13T03:49:33.850368494Z	79013	mysql.service	1	0.253075	0.126537	0.196158	0.057017	530018304	13.781729	572469248	0.000000	0.000000	40
80	2026-09-13T03:49:34.851138292Z	80013	app.service	0	0.000000	0.000000	0.000000	0.000000	0	0.000000	0	0.000000	0.000000	0
80	2026-09-13T03:49:34.851138292Z	80013	nginx.service	1	0.000000	0.000000	0.000000	0.000000	182706176	4.750793	330735616	0.000000	0.000000	3
80	2026-09-13T03:49:34.851138292Z	80013	mysql.service	1	0.253805	0.126902	0.000000	0.253805	530018304	13.781729	572469248	0.000000	0.000000	40
81	2026-09-13T03:49:35.851209251Z	81013	app.service	0	0.000000	0.000000	0.000000	0.000000	0	0.000000	0	0.000000	0.000000	0
81	2026-09-13T03:49:35.851209251Z	81013	nginx.service	1	0.000000	0.000000	0.000000	0.000000	182706176	4.750793	330735616	0.000000	0.000000	3
81	2026-09-13T03:49:35.851209251Z	81013	mysql.service	1	0.245383	0.122691	0.000000	0.245383	530018304	13.781729	572469248	0.000000	0.000000	40
82	2026-09-13T03:49:36.850363976Z	82013	app.service	0	0.000000	0.000000	0.000000	0.000000	0	0.000000	0	0.000000	0.000000	0
82	2026-09-13T03:49:36.850363976Z	82013	nginx.service	1	0.000000	0.000000	0.000000	0.000000	182706176	4.750793	330735616	0.000000	0.000000	3
82	2026-09-13T03:49:36.850363976Z	82013	mysql.service	1	0.249911	0.124956	0.058049	0.191862	530018304	13.781729	572469248	0.000000	0.000000	40
83	2026-09-13T03:49:37.850334798Z	83013	app.service	0	0.000000	0.000000	0.000000	0.000000	0	0.000000	0	0.000000	0.000000	0
83	2026-09-13T03:49:37.850334798Z	83013	nginx.service	1	0.000000	0.000000	0.000000	0.000000	182706176	4.750793	330735616	0.000000	0.000000	3
83	2026-09-13T03:49:37.850334798Z	83013	mysql.service	1	0.262408	0.131204	0.262308	0.000000	530018304	13.781729	572469248	0.000000	0.000000	40
84	2026-09-13T03:49:38.850325015Z	84013	app.service	0	0.000000	0.000000	0.000000	0.000000	0	0.000000	0	0.000000	0.000000	0
84	2026-09-13T03:49:38.850325015Z	84013	nginx.service	1	0.000000	0.000000	0.000000	0.000000	182706176	4.750793	330735616	0.000000	0.000000	3
84	2026-09-13T03:49:38.850325015Z	84013	mysql.service	1	0.257303	0.128651	0.257403	0.000000	530018304	13.781729	572469248	0.000000	0.000000	40
85	2026-09-13T03:49:39.850401213Z	85013	app.service	0	0.000000	0.000000	0.000000	0.000000	0	0.000000	0	0.000000	0.000000	0
85	2026-09-13T03:49:39.850401213Z	85013	nginx.service	1	0.000000	0.000000	0.000000	0.000000	182706176	4.750793	330735616	0.000000	0.000000	3
85	2026-09-13T03:49:39.850401213Z	85013	mysql.service	1	0.245881	0.122941	0.245781	0.000000	530018304	13.781729	572469248	0.000000	0.000000	40
86	2026-09-13T03:49:40.850368956Z	86013	app.service	0	0.000000	0.000000	0.000000	0.000000	0	0.000000	0	0.000000	0.000000	0
86	2026-09-13T03:49:40.850368956Z	86013	nginx.service	1	0.000000	0.000000	0.000000	0.000000	182706176	4.750793	330735616	0.000000	0.000000	3
86	2026-09-13T03:49:40.850368956Z	86013	mysql.service	1	0.248108	0.124054	0.248208	0.000000	530018304	13.781729	572469248	0.000000	0.000000	40
87	2026-09-13T03:49:41.851277642Z	87013	app.service	0	0.000000	0.000000	0.000000	0.000000	0	0.000000	0	0.000000	0.000000	0
87	2026-09-13T03:49:41.851277642Z	87013	nginx.service	1	0.000000	0.000000	0.000000	0.000000	182706176	4.750793	330735616	0.000000	0.000000	3
87	2026-09-13T03:49:41.851277642Z	87013	mysql.service	1	0.260463	0.130232	0.259464	0.000899	530018304	13.781729	572469248	0.000000	0.000000	40
88	2026-09-13T03:49:42.851149258Z	88013	app.service	0	0.000000	0.000000	0.000000	0.000000	0	0.000000	0	0.000000	0.000000	0
88	2026-09-13T03:49:42.851149258Z	88013	nginx.service	1	0.000000	0.000000	0.000000	0.000000	182706176	4.750793	330735616	0.000000	0.000000	3
88	2026-09-13T03:49:42.851149258Z	88013	mysql.service	1	0.249732	0.124866	0.128416	0.121316	530018304	13.781729	572469248	0.000000	0.000000	40
89	2026-09-13T03:49:43.850833816Z	89013	app.service	0	0.000000	0.000000	0.000000	0.000000	0	0.000000	0	0.000000	0.000000	0
89	2026-09-13T03:49:43.850833816Z	89013	nginx.service	1	0.000000	0.000000	0.000000	0.000000	182706176	4.750793	330735616	0.000000	0.000000	3
89	2026-09-13T03:49:43.850833816Z	89013	mysql.service	1	0.252080	0.126040	0.000000	0.252180	530018304	13.781729	572469248	0.000000	0.000000	40
90	2026-09-13T03:49:44.850794242Z	90013	app.service	0	0.000000	0.000000	0.000000	0.000000	0	0.000000	0	0.000000	0.000000	0
90	2026-09-13T03:49:44.850794242Z	90013	nginx.service	1	0.000000	0.000000	0.000000	0.000000	182706176	4.750793	330735616	0.000000	0.000000	3
90	2026-09-13T03:49:44.850794242Z	90013	mysql.service	1	0.272911	0.136455	0.000000	0.272811	530018304	13.781729	572469248	0.000000	0.000000	40
91	2026-09-13T03:49:45.850411606Z	91013	app.service	0	0.000000	0.000000	0.000000	0.000000	0	0.000000	0	0.000000	0.000000	0
91	2026-09-13T03:49:45.850411606Z	91013	nginx.service	1	0.000000	0.000000	0.000000	0.000000	182706176	4.750793	330735616	0.000000	0.000000	3
91	2026-09-13T03:49:45.850411606Z	91013	mysql.service	1	0.267802	0.133901	0.081631	0.186171	530018304	13.781729	572469248	0.000000	0.000000	40
92	2026-09-13T03:49:46.851222163Z	92013	app.service	0	0.000000	0.000000	0.000000	0.000000	0	0.000000	0	0.000000	0.000000	0
92	2026-09-13T03:49:46.851222163Z	92013	nginx.service	1	0.000000	0.000000	0.000000	0.000000	182706176	4.750793	330735616	0.000000	0.000000	3
92	2026-09-13T03:49:46.851222163Z	92013	mysql.service	1	0.255893	0.127946	0.131593	0.124399	530018304	13.781729	572469248	0.000000	0.000000	40
93	2026-09-13T03:49:47.851084925Z	93013	app.service	0	0.000000	0.000000	0.000000	0.000000	0	0.000000	0	0.000000	0.000000	0
93	2026-09-13T03:49:47.851084925Z	93013	nginx.service	1	0.000000	0.000000	0.000000	0.000000	182706176	4.750793	330735616	0.000000	0.000000	3
93	2026-09-13T03:49:47.851084925Z	93013	mysql.service	1	0.249034	0.124517	0.128018	0.121017	530018304	13.781729	572469248	0.000000	0.000000	40
94	2026-09-13T03:49:48.851062807Z	94013	app.service	0	0.000000	0.000000	0.000000	0.000000	0	0.000000	0	0.000000	0.000000	0
94	2026-09-13T03:49:48.851062807Z	94013	nginx.service	1	0.000000	0.000000	0.000000	0.000000	182706176	4.750793	330735616	0.000000	0.000000	3
94	2026-09-13T03:49:48.851062807Z	94013	mysql.service	1	0.281906	0.140953	0.281806	0.000000	530018304	13.781729	572469248	0.000000	0.000000	40
95	2026-09-13T03:49:49.851053217Z	95013	app.service	0	0.000000	0.000000	0.000000	0.000000	0	0.000000	0	0.000000	0.000000	0
95	2026-09-13T03:49:49.851053217Z	95013	nginx.service	1	0.000000	0.000000	0.000000	0.000000	182706176	4.750793	330735616	0.000000	0.000000	3
95	2026-09-13T03:49:49.851053217Z	95013	mysql.service	1	0.272303	0.136151	0.272303	0.000000	530018304	13.781729	572469248	0.000000	0.000000	40
96	2026-09-13T03:49:50.850424423Z	96013	app.service	0	0.000000	0.000000	0.000000	0.000000	0	0.000000	0	0.000000	0.000000	0
96	2026-09-13T03:49:50.850424423Z	96013	nginx.service	1	0.000000	0.000000	0.000000	0.000000	182706176	4.750793	330735616	0.000000	0.000000	3
96	2026-09-13T03:49:50.850424423Z	96013	mysql.service	1	0.266568	0.133284	0.159200	0.107468	530018304	13.781729	572469248	0.000000	0.000000	40
97	2026-09-13T03:49:51.850510891Z	97013	app.service	0	0.000000	0.000000	0.000000	0.000000	0	0.000000	0	0.000000	0.000000	0
97	2026-09-13T03:49:51.850510891Z	97013	nginx.service	1	0.000000	0.000000	0.000000	0.000000	182706176	4.750793	330735616	0.000000	0.000000	3
97	2026-09-13T03:49:51.850510891Z	97013	mysql.service	1	0.246179	0.123089	0.126489	0.119590	530018304	13.781729	572469248	0.000000	0.000000	40
98	2026-09-13T03:49:52.850626414Z	98013	app.service	0	0.000000	0.000000	0.000000	0.000000	0	0.000000	0	0.000000	0.000000	0
98	2026-09-13T03:49:52.850626414Z	98013	nginx.service	1	0.000000	0.000000	0.000000	0.000000	182706176	4.750793	330735616	0.000000	0.000000	3
98	2026-09-13T03:49:52.850626414Z	98013	mysql.service	1	0.245872	0.122936	0.126385	0.119486	530018304	13.781729	572469248	0.000000	0.000000	40
99	2026-09-13T03:49:53.850440345Z	99013	app.service	0	0.000000	0.000000	0.000000	0.000000	0	0.000000	0	0.000000	0.000000	0
99	2026-09-13T03:49:53.850440345Z	99013	nginx.service	1	0.000000	0.000000	0.000000	0.000000	182706176	4.750793	330735616	0.000000	0.000000	3
99	2026-09-13T03:49:53.850440345Z	99013	mysql.service	1	0.268750	0.134375	0.138126	0.130724	530018304	13.781729	572469248	0.000000	0.000000	40
100	2026-09-13T03:49:54.851290877Z	100013	app.service	0	0.000000	0.000000	0.000000	0.000000	0	0.000000	0	0.000000	0.000000	0
100	2026-09-13T03:49:54.851290877Z	100013	nginx.service	1	0.000000	0.000000	0.000000	0.000000	182706176	4.750793	330735616	0.000000	0.000000	3
100	2026-09-13T03:49:54.851290877Z	100013	mysql.service	1	0.274167	0.137083	0.140980	0.133187	530018304	13.781729	572469248	0.000000	0.000000	40
101	2026-09-13T03:49:55.850380826Z	101013	app.service	0	0.000000	0.000000	0.000000	0.000000	0	0.000000	0	0.000000	0.000000	0
101	2026-09-13T03:49:55.850380826Z	101013	nginx.service	1	0.000000	0.000000	0.000000	0.000000	182706176	4.750793	330735616	0.000000	0.000000	3
101	2026-09-13T03:49:55.850380826Z	101013	mysql.service	1	0.239318	0.119659	0.122912	0.116306	530018304	13.781729	572469248	0.000000	0.000000	40
102	2026-09-13T03:49:56.850427802Z	102013	app.service	0	0.000000	0.000000	0.000000	0.000000	0	0.000000	0	0.000000	0.000000	0
102	2026-09-13T03:49:56.850427802Z	102013	nginx.service	1	0.000000	0.000000	0.000000	0.000000	182706176	4.750793	330735616	0.000000	0.000000	3
102	2026-09-13T03:49:56.850427802Z	102013	mysql.service	1	0.263688	0.131844	0.135594	0.128094	530018304	13.781729	572469248	0.000000	0.000000	40
103	2026-09-13T03:49:57.85129439Z	103013	app.service	0	0.000000	0.000000	0.000000	0.000000	0	0.000000	0	0.000000	0.000000	0
103	2026-09-13T03:49:57.85129439Z	103013	nginx.service	1	0.000000	0.000000	0.000000	0.000000	182706176	4.750793	330735616	0.000000	0.000000	3
103	2026-09-13T03:49:57.85129439Z	103013	mysql.service	1	0.251882	0.125941	0.129488	0.122394	530022400	13.781836	572469248	0.000000	0.000000	40
104	2026-09-13T03:49:58.851265306Z	104013	app.service	0	0.000000	0.000000	0.000000	0.000000	0	0.000000	0	0.000000	0.000000	0
104	2026-09-13T03:49:58.851265306Z	104013	nginx.service	1	0.000000	0.000000	0.000000	0.000000	182706176	4.750793	330735616	0.000000	0.000000	3
104	2026-09-13T03:49:58.851265306Z	104013	mysql.service	1	0.265808	0.132904	0.136604	0.129204	530018304	13.781729	572469248	0.000000	0.000000	40
105	2026-09-13T03:49:59.850317561Z	105013	app.service	0	0.000000	0.000000	0.000000	0.000000	0	0.000000	0	0.000000	0.000000	0
105	2026-09-13T03:49:59.850317561Z	105013	nginx.service	1	0.000000	0.000000	0.000000	0.000000	182706176	4.750793	330735616	0.000000	0.000000	3
105	2026-09-13T03:49:59.850317561Z	105013	mysql.service	1	0.281467	0.140733	0.144637	0.136830	530018304	13.781729	572469248	0.000000	0.000000	40
106	2026-09-13T03:50:00.850359586Z	106013	app.service	0	0.000000	0.000000	0.000000	0.000000	0	0.000000	0	0.000000	0.000000	0
106	2026-09-13T03:50:00.850359586Z	106013	nginx.service	1	0.000000	0.000000	0.000000	0.000000	182706176	4.750793	330735616	0.000000	0.000000	3
106	2026-09-13T03:50:00.850359586Z	106013	mysql.service	1	0.261289	0.130645	0.134394	0.126995	530018304	13.781729	572469248	0.000000	0.000000	40
107	2026-09-13T03:50:01.850390074Z	107013	app.service	0	0.000000	0.000000	0.000000	0.000000	0	0.000000	0	0.000000	0.000000	0
107	2026-09-13T03:50:01.850390074Z	107013	nginx.service	1	0.000000	0.000000	0.000000	0.000000	182706176	4.750793	330735616	0.000000	0.000000	3
107	2026-09-13T03:50:01.850390074Z	107013	mysql.service	1	0.274192	0.137096	0.140896	0.133296	530022400	13.781836	572469248	0.000000	0.000000	40
108	2026-09-13T03:50:02.851108931Z	108013	app.service	0	0.000000	0.000000	0.000000	0.000000	0	0.000000	0	0.000000	0.000000	0
108	2026-09-13T03:50:02.851108931Z	108013	nginx.service	1	0.000000	0.000000	0.000000	0.000000	182706176	4.750793	330735616	0.000000	0.000000	3
108	2026-09-13T03:50:02.851108931Z	108013	mysql.service	1	0.243725	0.121862	0.000000	0.243625	530026496	13.781942	572469248	0.000000	0.000000	40
109	2026-09-13T03:50:03.851079055Z	109013	app.service	0	0.000000	0.000000	0.000000	0.000000	0	0.000000	0	0.000000	0.000000	0
109	2026-09-13T03:50:03.851079055Z	109013	nginx.service	1	0.000000	0.000000	0.000000	0.000000	182706176	4.750793	330735616	0.000000	0.000000	3
109	2026-09-13T03:50:03.851079055Z	109013	mysql.service	1	0.262808	0.131404	0.242707	0.020201	530018304	13.781729	572469248	0.000000	0.000000	40
110	2026-09-13T03:50:04.850937185Z	110013	app.service	0	0.000000	0.000000	0.000000	0.000000	0	0.000000	0	0.000000	0.000000	0
110	2026-09-13T03:50:04.850937185Z	110013	nginx.service	1	0.000000	0.000000	0.000000	0.000000	182706176	4.750793	330735616	0.000000	0.000000	3
110	2026-09-13T03:50:04.850937185Z	110013	mysql.service	1	0.270838	0.135419	0.139120	0.131619	530018304	13.781729	572469248	0.000000	0.000000	40
111	2026-09-13T03:50:05.850380445Z	111013	app.service	0	0.000000	0.000000	0.000000	0.000000	0	0.000000	0	0.000000	0.000000	0
111	2026-09-13T03:50:05.850380445Z	111013	nginx.service	1	0.000000	0.000000	0.000000	0.000000	182706176	4.750793	330735616	0.000000	0.000000	3
111	2026-09-13T03:50:05.850380445Z	111013	mysql.service	1	0.265348	0.132674	0.136476	0.128972	530018304	13.781729	572469248	0.000000	0.000000	40
112	2026-09-13T03:50:06.850417246Z	112013	app.service	0	0.000000	0.000000	0.000000	0.000000	0	0.000000	0	0.000000	0.000000	0
112	2026-09-13T03:50:06.850417246Z	112013	nginx.service	1	0.000000	0.000000	0.000000	0.000000	182706176	4.750793	330735616	0.000000	0.000000	3
112	2026-09-13T03:50:06.850417246Z	112013	mysql.service	1	0.266090	0.133045	0.136695	0.129295	530018304	13.781729	572469248	0.000000	0.000000	40
113	2026-09-13T03:50:07.851124937Z	113013	app.service	0	0.000000	0.000000	0.000000	0.000000	0	0.000000	0	0.000000	0.000000	0
113	2026-09-13T03:50:07.851124937Z	113013	nginx.service	1	0.000000	0.000000	0.000000	0.000000	182706176	4.750793	330735616	0.000000	0.000000	3
113	2026-09-13T03:50:07.851124937Z	113013	mysql.service	1	0.240929	0.120465	0.123912	0.117117	530018304	13.781729	572469248	0.000000	0.000000	40
114	2026-09-13T03:50:08.851012767Z	114013	app.service	0	0.000000	0.000000	0.000000	0.000000	0	0.000000	0	0.000000	0.000000	0
114	2026-09-13T03:50:08.851012767Z	114013	nginx.service	1	0.000000	0.000000	0.000000	0.000000	182706176	4.750793	330735616	0.000000	0.000000	3
114	2026-09-13T03:50:08.851012767Z	114013	mysql.service	1	0.261229	0.130615	0.261129	0.000000	530018304	13.781729	572469248	0.000000	0.000000	40
115	2026-09-13T03:50:09.850381817Z	115013	app.service	0	0.000000	0.000000	0.000000	0.000000	0	0.000000	0	0.000000	0.000000	0
115	2026-09-13T03:50:09.850381817Z	115013	nginx.service	1	0.000000	0.000000	0.000000	0.000000	182706176	4.750793	330735616	0.000000	0.000000	3
115	2026-09-13T03:50:09.850381817Z	115013	mysql.service	1	0.263967	0.131983	0.263967	0.000000	530018304	13.781729	572469248	0.000000	0.000000	40
116	2026-09-13T03:50:10.850379468Z	116013	app.service	0	0.000000	0.000000	0.000000	0.000000	0	0.000000	0	0.000000	0.000000	0
116	2026-09-13T03:50:10.850379468Z	116013	nginx.service	1	0.000000	0.000000	0.000000	0.000000	182706176	4.750793	330735616	0.000000	0.000000	3
116	2026-09-13T03:50:10.850379468Z	116013	mysql.service	1	0.277301	0.138650	0.277401	0.000000	530018304	13.781729	572469248	0.000000	0.000000	40
117	2026-09-13T03:50:11.850526255Z	117013	app.service	0	0.000000	0.000000	0.000000	0.000000	0	0.000000	0	0.000000	0.000000	0
117	2026-09-13T03:50:11.850526255Z	117013	nginx.service	1	0.000000	0.000000	0.000000	0.000000	182706176	4.750793	330735616	0.000000	0.000000	3
117	2026-09-13T03:50:11.850526255Z	117013	mysql.service	1	0.271360	0.135680	0.271360	0.000000	530018304	13.781729	572469248	0.000000	0.000000	40
118	2026-09-13T03:50:12.850551649Z	118013	app.service	0	0.000000	0.000000	0.000000	0.000000	0	0.000000	0	0.000000	0.000000	0
118	2026-09-13T03:50:12.850551649Z	118013	nginx.service	1	0.000000	0.000000	0.000000	0.000000	182706176	4.750793	330735616	0.000000	0.000000	3
118	2026-09-13T03:50:12.850551649Z	118013	mysql.service	1	0.243494	0.121747	0.243394	0.000000	530022400	13.781836	572469248	0.000000	0.000000	40
119	2026-09-13T03:50:13.850400874Z	119013	app.service	0	0.000000	0.000000	0.000000	0.000000	0	0.000000	0	0.000000	0.000000	0
119	2026-09-13T03:50:13.850400874Z	119013	nginx.service	1	0.000000	0.000000	0.000000	0.000000	182706176	4.750793	330735616	0.000000	0.000000	3
119	2026-09-13T03:50:13.850400874Z	119013	mysql.service	1	0.253838	0.126919	0.253938	0.000000	530018304	13.781729	572469248	0.000000	0.000000	40
120	2026-09-13T03:50:14.850446154Z	120013	app.service	0	0.000000	0.000000	0.000000	0.000000	0	0.000000	0	0.000000	0.000000	0
120	2026-09-13T03:50:14.850446154Z	120013	nginx.service	1	0.000000	0.000000	0.000000	0.000000	182706176	4.750793	330735616	0.000000	0.000000	3
120	2026-09-13T03:50:14.850446154Z	120013	mysql.service	1	0.273788	0.136894	0.273788	0.000000	530018304	13.781729	572469248	0.000000	0.000000	40
121	2026-09-13T03:50:15.850633726Z	121013	app.service	0	0.000000	0.000000	0.000000	0.000000	0	0.000000	0	0.000000	0.000000	0
121	2026-09-13T03:50:15.850633726Z	121013	nginx.service	1	0.000000	0.000000	0.000000	0.000000	182706176	4.750793	330735616	0.000000	0.000000	3
121	2026-09-13T03:50:15.850633726Z	121013	mysql.service	1	0.265550	0.132775	0.149772	0.115778	530018304	13.781729	572469248	0.000000	0.000000	40
