sample	timestamp	elapsed_ms	status_rows	threads_connected	threads_running	threads_cached	threads_created_total	threads_created_per_sec	connections_total	connections_per_sec	questions_total	questions_per_sec	com_select_total	com_select_per_sec	com_insert_total	com_insert_per_sec	com_update_total	com_update_per_sec	com_delete_total	com_delete_per_sec	bytes_received_total	bytes_received_per_sec	bytes_sent_total	bytes_sent_per_sec	buffer_pool_pages_total	buffer_pool_pages_free	buffer_pool_pages_dirty	buffer_pool_read_requests_total	buffer_pool_read_requests_per_sec	buffer_pool_reads_total	buffer_pool_reads_per_sec	buffer_pool_hit_pct	row_lock_current_waits	row_lock_waits_total	row_lock_waits_per_sec	row_lock_time_ms_total	row_lock_time_ms_per_sec	innodb_log_waits_total	innodb_log_waits_per_sec	created_tmp_tables_total	created_tmp_tables_per_sec	created_tmp_disk_tables_total	created_tmp_disk_tables_per_sec	tmp_disk_ratio_pct	aborted_connects_total	aborted_connects_per_sec
0	2026-09-13T03:48:15.075236656Z	0	24	2	2	1	3	0.000	752	0.000	198654	0.000	32435	0.000	163525	0.000	0	0.000	244	0.000	28439131	0.000	45039445	0.000	8192	6693	0	8089416	0.000	1028	0.000	0.000	0	0	0.000	0	0.000	0	0.000	1161	0.000	0	0.000	0.000	1	0.000
1	2026-09-13T03:48:16.076566526Z	1001	24	2	2	1	3	0.000	752	0.000	198655	0.999	32435	0.000	163525	0.000	0	0.000	244	0.000	28439684	552.266	45040295	848.871	8192	6693	0	8089416	0.000	1028	0.000	0.000	0	0	0.000	0	0.000	0	0.000	1162	0.999	0	0.000	0.000	1	0.000
2	2026-09-13T03:48:17.076531514Z	2001	24	2	2	1	3	0.000	752	0.000	198656	1.000	32435	0.000	163525	0.000	0	0.000	244	0.000	28440237	553.019	45041145	850.030	8192	6693	0	8089416	0.000	1028	0.000	0.000	0	0	0.000	0	0.000	0	0.000	1163	1.000	0	0.000	0.000	1	0.000
3	2026-09-13T03:48:18.076561503Z	3001	24	2	2	1	3	0.000	752	0.000	198657	1.000	32435	0.000	163525	0.000	0	0.000	244	0.000	28440790	552.983	45041995	849.975	8192	6693	0	8089416	0.000	1028	0.000	0.000	0	0	0.000	0	0.000	0	0.000	1164	1.000	0	0.000	0.000	1	0.000
4	2026-09-13T03:48:19.076480282Z	4001	24	2	2	1	3	0.000	752	0.000	198658	1.000	32435	0.000	163525	0.000	0	0.000	244	0.000	28441343	553.045	45042845	850.069	8192	6693	0	8089416	0.000	1028	0.000	0.000	0	0	0.000	0	0.000	0	0.000	1165	1.000	0	0.000	0.000	1	0.000
5	2026-09-13T03:48:20.076797276Z	5001	24	2	2	1	3	0.000	752	0.000	198659	1.000	32435	0.000	163525	0.000	0	0.000	244	0.000	28441896	552.825	45043695	849.731	8192	6693	0	8089416	0.000	1028	0.000	0.000	0	0	0.000	0	0.000	0	0.000	1166	1.000	0	0.000	0.000	1	0.000
6	2026-09-13T03:48:21.076848574Z	6001	24	2	2	1	3	0.000	752	0.000	198660	1.000	32435	0.000	163525	0.000	0	0.000	244	0.000	28442449	552.972	45044545	849.956	8192	6693	0	8089416	0.000	1028	0.000	0.000	0	0	0.000	0	0.000	0	0.000	1167	1.000	0	0.000	0.000	1	0.000
7	2026-09-13T03:48:22.077193368Z	7001	24	2	2	1	3	0.000	752	0.000	198661	1.000	32435	0.000	163525	0.000	0	0.000	244	0.000	28443002	552.809	45045395	849.707	8192	6693	0	8089416	0.000	1028	0.000	0.000	0	0	0.000	0	0.000	0	0.000	1168	1.000	0	0.000	0.000	1	0.000
8	2026-09-13T03:48:23.07656313Z	8001	24	2	2	1	3	0.000	752	0.000	198662	1.001	32435	0.000	163525	0.000	0	0.000	244	0.000	28443555	553.349	45046245	850.536	8192	6693	0	8089416	0.000	1028	0.000	0.000	0	0	0.000	0	0.000	0	0.000	1169	1.001	0	0.000	0.000	1	0.000
9	2026-09-13T03:48:24.076463807Z	9001	24	2	2	1	3	0.000	752	0.000	198663	1.000	32435	0.000	163525	0.000	0	0.000	244	0.000	28444108	553.055	45047095	850.084	8192	6693	0	8089416	0.000	1028	0.000	0.000	0	0	0.000	0	0.000	0	0.000	1170	1.000	0	0.000	0.000	1	0.000
10	2026-09-13T03:48:25.076544847Z	10001	24	2	2	1	3	0.000	752	0.000	198664	1.000	32435	0.000	163525	0.000	0	0.000	244	0.000	28444661	552.955	45047945	849.931	8192	6693	0	8089416	0.000	1028	0.000	0.000	0	0	0.000	0	0.000	0	0.000	1171	1.000	0	0.000	0.000	1	0.000
11	2026-09-13T03:48:26.076452394Z	11001	24	2	2	1	3	0.000	752	0.000	198665	1.000	32435	0.000	163525	0.000	0	0.000	244	0.000	28445214	553.051	45048795	850.079	8192	6693	0	8089416	0.000	1028	0.000	0.000	0	0	0.000	0	0.000	0	0.000	1172	1.000	0	0.000	0.000	1	0.000
12	2026-09-13T03:48:27.076531967Z	12001	24	2	2	1	3	0.000	752	0.000	198666	1.000	32435	0.000	163525	0.000	0	0.000	244	0.000	28445767	552.956	45049645	849.932	8192	6693	0	8089416	0.000	1028	0.000	0.000	0	0	0.000	0	0.000	0	0.000	1173	1.000	0	0.000	0.000	1	0.000
13	2026-09-13T03:48:28.076641783Z	13001	24	2	2	1	3	0.000	752	0.000	198667	1.000	32435	0.000	163525	0.000	0	0.000	244	0.000	28446320	552.939	45050495	849.907	8192	6693	0	8089416	0.000	1028	0.000	0.000	0	0	0.000	0	0.000	0	0.000	1174	1.000	0	0.000	0.000	1	0.000
14	2026-09-13T03:48:29.07670568Z	14001	24	2	2	1	3	0.000	752	0.000	198668	1.000	32435	0.000	163525	0.000	0	0.000	244	0.000	28446873	552.965	45051345	849.946	8192	6693	0	8089416	0.000	1028	0.000	0.000	0	0	0.000	0	0.000	0	0.000	1175	1.000	0	0.000	0.000	1	0.000
15	2026-09-13T03:48:30.076980977Z	15001	24	2	2	1	3	0.000	752	0.000	198669	1.000	32435	0.000	163525	0.000	0	0.000	244	0.000	28447426	552.848	45052195	849.766	8192	6693	0	8089416	0.000	1028	0.000	0.000	0	0	0.000	0	0.000	0	0.000	1176	1.000	0	0.000	0.000	1	0.000
16	2026-09-13T03:48:31.076397642Z	16001	24	2	2	1	3	0.000	752	0.000	198670	1.001	32435	0.000	163525	0.000	0	0.000	244	0.000	28447979	553.323	45053045	850.496	8192	6693	0	8089416	0.000	1028	0.000	0.000	0	0	0.000	0	0.000	0	0.000	1177	1.001	0	0.000	0.000	1	0.000
17	2026-09-13T03:48:32.076621104Z	17001	24	2	2	1	3	0.000	752	0.000	198671	1.000	32435	0.000	163525	0.000	0	0.000	244	0.000	28448532	552.876	45053895	849.810	8192	6693	0	8089416	0.000	1028	0.000	0.000	0	0	0.000	0	0.000	0	0.000	1178	1.000	0	0.000	0.000	1	0.000
18	2026-09-13T03:48:33.076587155Z	18001	24	2	2	1	3	0.000	752	0.000	198672	1.000	32435	0.000	163525	0.000	0	0.000	244	0.000	28449085	553.019	45054745	850.029	8192	6693	0	8089416	0.000	1028	0.000	0.000	0	0	0.000	0	0.000	0	0.000	1179	1.000	0	0.000	0.000	1	0.000
19	2026-09-13T03:48:34.076419356Z	19001	24	2	2	1	3	0.000	752	0.000	198673	1.000	32435	0.000	163525	0.000	0	0.000	244	0.000	28449638	553.093	45055595	850.143	8192	6693	0	8089416	0.000	1028	0.000	0.000	0	0	0.000	0	0.000	0	0.000	1180	1.000	0	0.000	0.000	1	0.000
20	2026-09-13T03:48:35.076695935Z	20001	24	2	2	1	3	0.000	752	0.000	198674	1.000	32435	0.000	163525	0.000	0	0.000	244	0.000	28450191	552.847	45056445	849.765	8192	6693	0	8089416	0.000	1028	0.000	0.000	0	0	0.000	0	0.000	0	0.000	1181	1.000	0	0.000	0.000	1	0.000
21	2026-09-13T03:48:36.07652571Z	21001	24	2	2	1	3	0.000	752	0.000	198675	1.000	32435	0.000	163525	0.000	0	0.000	244	0.000	28450744	553.094	45057295	850.145	8192	6693	0	8089416	0.000	1028	0.000	0.000	0	0	0.000	0	0.000	0	0.000	1182	1.000	0	0.000	0.000	1	0.000
22	2026-09-13T03:48:37.076543679Z	22001	24	2	2	1	3	0.000	752	0.000	198676	1.000	32435	0.000	163525	0.000	0	0.000	244	0.000	28451297	552.990	45058145	849.985	8192	6693	0	8089416	0.000	1028	0.000	0.000	0	0	0.000	0	0.000	0	0.000	1183	1.000	0	0.000	0.000	1	0.000
23	2026-09-13T03:48:38.076563135Z	23001	24	2	2	1	3	0.000	752	0.000	198677	1.000	32435	0.000	163525	0.000	0	0.000	244	0.000	28451850	552.989	45058995	849.983	8192	6693	0	8089416	0.000	1028	0.000	0.000	0	0	0.000	0	0.000	0	0.000	1184	1.000	0	0.000	0.000	1	0.000
24	2026-09-13T03:48:39.076360342Z	24001	24	2	2	1	3	0.000	752	0.000	198678	1.000	32435	0.000	163525	0.000	0	0.000	244	0.000	28452403	553.112	45059845	850.172	8192	6693	0	8089416	0.000	1028	0.000	0.000	0	0	0.000	0	0.000	0	0.000	1185	1.000	0	0.000	0.000	1	0.000
25	2026-09-13T03:48:40.076605162Z	25001	24	2	2	1	3	0.000	752	0.000	198679	1.000	32435	0.000	163525	0.000	0	0.000	244	0.000	28452956	552.865	45060695	849.792	8192	6693	0	8089416	0.000	1028	0.000	0.000	0	0	0.000	0	0.000	0	0.000	1186	1.000	0	0.000	0.000	1	0.000
26	2026-09-13T03:48:41.076562215Z	26001	24	2	2	1	3	0.000	752	0.000	198680	1.000	32435	0.000	163525	0.000	0	0.000	244	0.000	28453509	553.024	45061545	850.037	8192	6693	0	8089416	0.000	1028	0.000	0.000	0	0	0.000	0	0.000	0	0.000	1187	1.000	0	0.000	0.000	1	0.000
27	2026-09-13T03:48:42.076623161Z	27001	24	2	2	1	3	0.000	752	0.000	198681	1.000	32435	0.000	163525	0.000	0	0.000	244	0.000	28454062	552.966	45062395	849.948	8192	6693	0	8089416	0.000	1028	0.000	0.000	0	0	0.000	0	0.000	0	0.000	1188	1.000	0	0.000	0.000	1	0.000
28	2026-09-13T03:48:43.076597783Z	28001	24	2	2	1	3	0.000	752	0.000	198682	1.000	32435	0.000	163525	0.000	0	0.000	244	0.000	28454615	553.014	45063245	850.022	8192	6693	0	8089416	0.000	1028	0.000	0.000	0	0	0.000	0	0.000	0	0.000	1189	1.000	0	0.000	0.000	1	0.000
29	2026-09-13T03:48:44.076559345Z	29001	24	2	2	1	3	0.000	752	0.000	198683	1.000	32435	0.000	163525	0.000	0	0.000	244	0.000	28455168	553.021	45064095	850.033	8192	6693	0	8089416	0.000	1028	0.000	0.000	0	0	0.000	0	0.000	0	0.000	1190	1.000	0	0.000	0.000	1	0.000
30	2026-09-13T03:48:45.076590623Z	30001	24	2	2	1	3	0.000	752	0.000	198684	1.000	32435	0.000	163525	0.000	0	0.000	244	0.000	28455721	552.983	45064945	849.973	8192	6693	0	8089416	0.000	1028	0.000	0.000	0	0	0.000	0	0.000	0	0.000	1191	1.000	0	0.000	0.000	1	0.000
31	2026-09-13T03:48:46.076511485Z	31001	24	2	2	1	3	0.000	752	0.000	198685	1.000	32435	0.000	163525	0.000	0	0.000	244	0.000	28456274	553.044	45065795	850.067	8192	6693	0	8089416	0.000	1028	0.000	0.000	0	0	0.000	0	0.000	0	0.000	1192	1.000	0	0.000	0.000	1	0.000
32	2026-09-13T03:48:47.07636849Z	32001	24	2	2	1	3	0.000	752	0.000	198686	1.000	32435	0.000	163525	0.000	0	0.000	244	0.000	28456827	553.079	45066645	850.122	8192	6693	0	8089416	0.000	1028	0.000	0.000	0	0	0.000	0	0.000	0	0.000	1193	1.000	0	0.000	0.000	1	0.000
33	2026-09-13T03:48:48.076526733Z	33001	24	2	2	1	3	0.000	752	0.000	198687	1.000	32435	0.000	163525	0.000	0	0.000	244	0.000	28457380	552.913	45067495	849.866	8192	6693	0	8089416	0.000	1028	0.000	0.000	0	0	0.000	0	0.000	0	0.000	1194	1.000	0	0.000	0.000	1	0.000
34	2026-09-13T03:48:49.07649912Z	34001	24	2	2	1	3	0.000	752	0.000	198688	1.000	32435	0.000	163525	0.000	0	0.000	244	0.000	28457933	553.015	45068345	850.023	8192	6693	0	8089416	0.000	1028	0.000	0.000	0	0	0.000	0	0.000	0	0.000	1195	1.000	0	0.000	0.000	1	0.000
35	2026-09-13T03:48:50.076664265Z	35001	24	2	2	1	3	0.000	752	0.000	198689	1.000	32435	0.000	163525	0.000	0	0.000	244	0.000	28458486	552.909	45069195	849.860	8192	6693	0	8089416	0.000	1028	0.000	0.000	0	0	0.000	0	0.000	0	0.000	1196	1.000	0	0.000	0.000	1	0.000
36	2026-09-13T03:48:51.076969273Z	36001	24	2	2	1	3	0.000	752	0.000	198690	1.000	32435	0.000	163525	0.000	0	0.000	244	0.000	28459039	552.831	45070045	849.741	8192	6693	0	8089416	0.000	1028	0.000	0.000	0	0	0.000	0	0.000	0	0.000	1197	1.000	0	0.000	0.000	1	0.000
37	2026-09-13T03:48:52.077355566Z	37002	24	2	2	1	3	0.000	752	0.000	198691	1.000	32435	0.000	163525	0.000	0	0.000	244	0.000	28459592	552.786	45070895	849.672	8192	6693	0	8089416	0.000	1028	0.000	0.000	0	0	0.000	0	0.000	0	0.000	1198	1.000	0	0.000	0.000	1	0.000
38	2026-09-13T03:48:53.076687462Z	38001	24	2	2	1	3	0.000	752	0.000	198692	1.001	32435	0.000	163525	0.000	0	0.000	244	0.000	28460145	553.370	45071745	850.568	8192	6693	0	8089416	0.000	1028	0.000	0.000	0	0	0.000	0	0.000	0	0.000	1199	1.001	0	0.000	0.000	1	0.000
39	2026-09-13T03:48:54.076937196Z	39001	24	2	2	1	3	0.000	752	0.000	198693	1.000	32435	0.000	163525	0.000	0	0.000	244	0.000	28460698	552.862	45072595	849.788	8192	6693	0	8089416	0.000	1028	0.000	0.000	0	0	0.000	0	0.000	0	0.000	1200	1.000	0	0.000	0.000	1	0.000
40	2026-09-13T03:48:55.077142245Z	40001	24	2	2	1	3	0.000	752	0.000	198694	1.000	32435	0.000	163525	0.000	0	0.000	244	0.000	28461251	552.887	45073445	849.826	8192	6693	0	8089416	0.000	1028	0.000	0.000	0	0	0.000	0	0.000	0	0.000	1201	1.000	0	0.000	0.000	1	0.000
41	2026-09-13T03:48:56.076521271Z	41001	24	2	2	1	3	0.000	752	0.000	198695	1.001	32435	0.000	163525	0.000	0	0.000	244	0.000	28461804	553.344	45074295	850.528	8192	6693	0	8089416	0.000	1028	0.000	0.000	0	0	0.000	0	0.000	0	0.000	1202	1.001	0	0.000	0.000	1	0.000
42	2026-09-13T03:48:57.076583494Z	42001	24	2	2	1	3	0.000	752	0.000	198696	1.000	32435	0.000	163525	0.000	0	0.000	244	0.000	28462357	552.966	45075145	849.947	8192	6693	0	8089416	0.000	1028	0.000	0.000	0	0	0.000	0	0.000	0	0.000	1203	1.000	0	0.000	0.000	1	0.000
43	2026-09-13T03:48:58.076318222Z	43001	24	2	2	1	3	0.000	752	0.000	198697	1.000	32435	0.000	163525	0.000	0	0.000	244	0.000	28462910	553.147	45075995	850.226	8192	6693	0	8089416	0.000	1028	0.000	0.000	0	0	0.000	0	0.000	0	0.000	1204	1.000	0	0.000	0.000	1	0.000
44	2026-09-13T03:48:59.076593341Z	44001	24	2	2	1	3	0.000	752	0.000	198698	1.000	32435	0.000	163525	0.000	0	0.000	244	0.000	28463463	552.848	45076845	849.766	8192	6693	0	8089416	0.000	1028	0.000	0.000	0	0	0.000	0	0.000	0	0.000	1205	1.000	0	0.000	0.000	1	0.000
45	2026-09-13T03:49:00.076662214Z	45001	24	2	2	1	3	0.000	752	0.000	198699	1.000	32435	0.000	163525	0.000	0	0.000	244	0.000	28464016	552.962	45077695	849.941	8192	6693	0	8089416	0.000	1028	0.000	0.000	0	0	0.000	0	0.000	0	0.000	1206	1.000	0	0.000	0.000	1	0.000
46	2026-09-13T03:49:01.076973685Z	46001	24	2	2	1	3	0.000	752	0.000	198700	1.000	32435	0.000	163525	0.000	0	0.000	244	0.000	28464569	552.828	45078545	849.735	8192	6693	0	8089416	0.000	1028	0.000	0.000	0	0	0.000	0	0.000	0	0.000	1207	1.000	0	0.000	0.000	1	0.000
47	2026-09-13T03:49:02.07736154Z	47002	24	2	2	1	3	0.000	752	0.000	198701	1.000	32435	0.000	163525	0.000	0	0.000	244	0.000	28465122	552.786	45079395	849.670	8192	6693	0	8089416	0.000	1028	0.000	0.000	0	0	0.000	0	0.000	0	0.000	1208	1.000	0	0.000	0.000	1	0.000
48	2026-09-13T03:49:03.076506209Z	48001	24	2	2	1	3	0.000	752	0.000	198702	1.001	32435	0.000	163525	0.000	0	0.000	244	0.000	28465675	553.473	45080245	850.728	8192	6693	0	8089416	0.000	1028	0.000	0.000	0	0	0.000	0	0.000	0	0.000	1209	1.001	0	0.000	0.000	1	0.000
49	2026-09-13T03:49:04.076412762Z	49001	24	2	2	1	3	0.000	752	0.000	198703	1.000	32435	0.000	163525	0.000	0	0.000	244	0.000	28466228	553.052	45081095	850.079	8192	6693	0	8089416	0.000	1028	0.000	0.000	0	0	0.000	0	0.000	0	0.000	1210	1.000	0	0.000	0.000	1	0.000
50	2026-09-13T03:49:05.076545927Z	50001	24	2	2	1	3	0.000	752	0.000	198704	1.000	32435	0.000	163525	0.000	0	0.000	244	0.000	28466781	552.926	45081945	849.887	8192	6693	0	8089416	0.000	1028	0.000	0.000	0	0	0.000	0	0.000	0	0.000	1211	1.000	0	0.000	0.000	1	0.000
51	2026-09-13T03:49:06.076474235Z	51001	24	2	2	1	3	0.000	752	0.000	198705	1.000	32435	0.000	163525	0.000	0	0.000	244	0.000	28467334	553.040	45082795	850.061	8192	6693	0	8089416	0.000	1028	0.000	0.000	0	0	0.000	0	0.000	0	0.000	1212	1.000	0	0.000	0.000	1	0.000
52	2026-09-13T03:49:07.076516896Z	52001	24	2	2	1	3	0.000	752	0.000	198706	1.000	32435	0.000	163525	0.000	0	0.000	244	0.000	28467887	552.976	45083645	849.964	8192	6693	0	8089416	0.000	1028	0.000	0.000	0	0	0.000	0	0.000	0	0.000	1213	1.000	0	0.000	0.000	1	0.000
53	2026-09-13T03:49:08.076588846Z	53001	24	2	2	1	3	0.000	752	0.000	198707	1.000	32435	0.000	163525	0.000	0	0.000	244	0.000	28468440	552.960	45084495	849.939	8192	6693	0	8089416	0.000	1028	0.000	0.000	0	0	0.000	0	0.000	0	0.000	1214	1.000	0	0.000	0.000	1	0.000
54	2026-09-13T03:49:09.076359196Z	54001	24	2	2	1	3	0.000	752	0.000	198708	1.000	32435	0.000	163525	0.000	0	0.000	244	0.000	28468993	553.127	45085345	850.195	8192	6693	0	8089416	0.000	1028	0.000	0.000	0	0	0.000	0	0.000	0	0.000	1215	1.000	0	0.000	0.000	1	0.000
55	2026-09-13T03:49:10.076535772Z	55001	24	2	2	1	3	0.000	752	0.000	198709	1.000	32435	0.000	163525	0.000	0	0.000	244	0.000	28469546	552.902	45086195	849.850	8192	6693	0	8089416	0.000	1028	0.000	0.000	0	0	0.000	0	0.000	0	0.000	1216	1.000	0	0.000	0.000	1	0.000
56	2026-09-13T03:49:11.076791717Z	56001	24	2	2	1	3	0.000	752	0.000	198710	1.000	32435	0.000	163525	0.000	0	0.000	244	0.000	28470099	552.858	45087045	849.783	8192	6693	0	8089416	0.000	1028	0.000	0.000	0	0	0.000	0	0.000	0	0.000	1217	1.000	0	0.000	0.000	1	0.000
57	2026-09-13T03:49:12.076934348Z	57001	24	2	2	1	3	0.000	752	0.000	198711	1.000	32435	0.000	163525	0.000	0	0.000	244	0.000	28470652	552.921	45087895	849.879	8192	6693	0	8089416	0.000	1028	0.000	0.000	0	0	0.000	0	0.000	0	0.000	1218	1.000	0	0.000	0.000	1	0.000
58	2026-09-13T03:49:13.077081848Z	58001	24	2	2	1	3	0.000	752	0.000	198712	1.000	32435	0.000	163525	0.000	0	0.000	244	0.000	28471205	552.918	45088745	849.875	8192	6693	0	8089416	0.000	1028	0.000	0.000	0	0	0.000	0	0.000	0	0.000	1219	1.000	0	0.000	0.000	1	0.000
59	2026-09-13T03:49:14.077156295Z	59001	24	2	2	1	3	0.000	752	0.000	198713	1.000	32435	0.000	163525	0.000	0	0.000	244	0.000	28471758	552.959	45089595	849.937	8192	6693	0	8089416	0.000	1028	0.000	0.000	0	0	0.000	0	0.000	0	0.000	1220	1.000	0	0.000	0.000	1	0.000
60	2026-09-13T03:49:15.077514533Z	60002	24	2	2	1	3	0.000	752	0.000	198714	1.000	32435	0.000	163525	0.000	0	0.000	244	0.000	28472311	552.802	45090445	849.696	8192	6693	0	8089416	0.000	1028	0.000	0.000	0	0	0.000	0	0.000	0	0.000	1221	1.000	0	0.000	0.000	1	0.000
61	2026-09-13T03:49:16.076569387Z	61001	24	2	2	1	3	0.000	752	0.000	198715	1.001	32435	0.000	163525	0.000	0	0.000	244	0.000	28472864	553.523	45091295	850.804	8192	6693	0	8089416	0.000	1028	0.000	0.000	0	0	0.000	0	0.000	0	0.000	1222	1.001	0	0.000	0.000	1	0.000
62	2026-09-13T03:49:17.076381116Z	62001	24	2	2	1	3	0.000	752	0.000	198716	1.000	32435	0.000	163525	0.000	0	0.000	244	0.000	28473417	553.104	45092145	850.160	8192	6693	0	8089416	0.000	1028	0.000	0.000	0	0	0.000	0	0.000	0	0.000	1223	1.000	0	0.000	0.000	1	0.000
63	2026-09-13T03:49:18.076553803Z	63001	24	2	2	1	3	0.000	752	0.000	198717	1.000	32435	0.000	163525	0.000	0	0.000	244	0.000	28473970	552.905	45092995	849.853	8192	6693	0	8089416	0.000	1028	0.000	0.000	0	0	0.000	0	0.000	0	0.000	1224	1.000	0	0.000	0.000	1	0.000
64	2026-09-13T03:49:19.076390568Z	64001	24	2	2	1	3	0.000	752	0.000	198718	1.000	32435	0.000	163525	0.000	0	0.000	244	0.000	28474523	553.090	45093845	850.139	8192	6693	0	8089416	0.000	1028	0.000	0.000	0	0	0.000	0	0.000	0	0.000	1225	1.000	0	0.000	0.000	1	0.000
65	2026-09-13T03:49:20.076689872Z	65001	24	2	2	1	3	0.000	752	0.000	198719	1.000	32435	0.000	163525	0.000	0	0.000	244	0.000	28475076	552.835	45094695	849.746	8192	6693	0	8089416	0.000	1028	0.000	0.000	0	0	0.000	0	0.000	0	0.000	1226	1.000	0	0.000	0.000	1	0.000
66	2026-09-13T03:49:21.076769181Z	66001	24	2	2	1	3	0.000	752	0.000	198720	1.000	32435	0.000	163525	0.000	0	0.000	244	0.000	28475629	552.956	45095545	849.933	8192	6693	0	8089416	0.000	1028	0.000	0.000	0	0	0.000	0	0.000	0	0.000	1227	1.000	0	0.000	0.000	1	0.000
67	2026-09-13T03:49:22.076960049Z	67001	24	2	2	1	3	0.000	752	0.000	198721	1.000	32435	0.000	163525	0.000	0	0.000	244	0.000	28476182	552.894	45096395	849.838	8192	6693	0	8089416	0.000	1028	0.000	0.000	0	0	0.000	0	0.000	0	0.000	1228	1.000	0	0.000	0.000	1	0.000
68	2026-09-13T03:49:23.077494022Z	68002	24	2	2	1	3	0.000	752	0.000	198722	0.999	32435	0.000	163525	0.000	0	0.000	244	0.000	28476735	552.705	45097245	849.546	8192	6693	0	8089416	0.000	1028	0.000	0.000	0	0	0.000	0	0.000	0	0.000	1229	0.999	0	0.000	0.000	1	0.000
69	2026-09-13T03:49:24.076397731Z	69001	24	2	2	1	3	0.000	752	0.000	198723	1.001	32435	0.000	163525	0.000	0	0.000	244	0.000	28477288	553.607	45098095	850.933	8192	6693	0	8089416	0.000	1028	0.000	0.000	0	0	0.000	0	0.000	0	0.000	1230	1.001	0	0.000	0.000	1	0.000
70	2026-09-13T03:49:25.076394548Z	70001	24	2	2	1	3	0.000	752	0.000	198724	1.000	32435	0.000	163525	0.000	0	0.000	244	0.000	28477841	553.002	45098945	850.003	8192	6693	0	8089416	0.000	1028	0.000	0.000	0	0	0.000	0	0.000	0	0.000	1231	1.000	0	0.000	0.000	1	0.000
71	2026-09-13T03:49:26.076629954Z	71001	24	2	2	1	3	0.000	752	0.000	198725	1.000	32435	0.000	163525	0.000	0	0.000	244	0.000	28478394	552.870	45099795	849.800	8192	6693	0	8089416	0.000	1028	0.000	0.000	0	0	0.000	0	0.000	0	0.000	1232	1.000	0	0.000	0.000	1	0.000
72	2026-09-13T03:49:27.076327832Z	72001	24	2	2	1	3	0.000	752	0.000	198726	1.000	32435	0.000	163525	0.000	0	0.000	244	0.000	28478947	553.167	45100645	850.257	8192	6693	0	8089416	0.000	1028	0.000	0.000	0	0	0.000	0	0.000	0	0.000	1233	1.000	0	0.000	0.000	1	0.000
73	2026-09-13T03:49:28.076527401Z	73001	24	2	2	1	3	0.000	752	0.000	198727	1.000	32435	0.000	163525	0.000	0	0.000	244	0.000	28479500	552.890	45101495	849.830	8192	6693	0	8089416	0.000	1028	0.000	0.000	0	0	0.000	0	0.000	0	0.000	1234	1.000	0	0.000	0.000	1	0.000
74	2026-09-13T03:49:29.076293318Z	74001	24	2	2	1	3	0.000	752	0.000	198728	1.000	32435	0.000	163525	0.000	0	0.000	244	0.000	28480053	553.129	45102345	850.199	8192	6693	0	8089416	0.000	1028	0.000	0.000	0	0	0.000	0	0.000	0	0.000	1235	1.000	0	0.000	0.000	1	0.000
75	2026-09-13T03:49:30.076485975Z	75001	24	2	2	1	3	0.000	752	0.000	198729	1.000	32435	0.000	163525	0.000	0	0.000	244	0.000	28480606	552.893	45103195	849.836	8192	6693	0	8089416	0.000	1028	0.000	0.000	0	0	0.000	0	0.000	0	0.000	1236	1.000	0	0.000	0.000	1	0.000
76	2026-09-13T03:49:31.076373969Z	76001	24	2	2	1	3	0.000	752	0.000	198730	1.000	32435	0.000	163525	0.000	0	0.000	244	0.000	28481159	553.062	45104045	850.095	8192	6693	0	8089416	0.000	1028	0.000	0.000	0	0	0.000	0	0.000	0	0.000	1237	1.000	0	0.000	0.000	1	0.000
77	2026-09-13T03:49:32.076364822Z	77001	24	2	2	1	3	0.000	752	0.000	198731	1.000	32435	0.000	163525	0.000	0	0.000	244	0.000	28481712	553.005	45104895	850.008	8192	6693	0	8089416	0.000	1028	0.000	0.000	0	0	0.000	0	0.000	0	0.000	1238	1.000	0	0.000	0.000	1	0.000
78	2026-09-13T03:49:33.076424954Z	78001	24	2	2	1	3	0.000	752	0.000	198732	1.000	32435	0.000	163525	0.000	0	0.000	244	0.000	28482265	552.967	45105745	849.949	8192	6693	0	8089416	0.000	1028	0.000	0.000	0	0	0.000	0	0.000	0	0.000	1239	1.000	0	0.000	0.000	1	0.000
79	2026-09-13T03:49:34.076546467Z	79001	24	2	2	1	3	0.000	752	0.000	198733	1.000	32435	0.000	163525	0.000	0	0.000	244	0.000	28482818	552.933	45106595	849.897	8192	6693	0	8089416	0.000	1028	0.000	0.000	0	0	0.000	0	0.000	0	0.000	1240	1.000	0	0.000	0.000	1	0.000
80	2026-09-13T03:49:35.076636894Z	80001	24	2	2	1	3	0.000	752	0.000	198734	1.000	32435	0.000	163525	0.000	0	0.000	244	0.000	28483371	552.950	45107445	849.923	8192	6693	0	8089416	0.000	1028	0.000	0.000	0	0	0.000	0	0.000	0	0.000	1241	1.000	0	0.000	0.000	1	0.000
81	2026-09-13T03:49:36.076787201Z	81001	24	2	2	1	3	0.000	752	0.000	198735	1.000	32435	0.000	163525	0.000	0	0.000	244	0.000	28483924	552.917	45108295	849.872	8192	6693	0	8089416	0.000	1028	0.000	0.000	0	0	0.000	0	0.000	0	0.000	1242	1.000	0	0.000	0.000	1	0.000
82	2026-09-13T03:49:37.077156826Z	82001	24	2	2	1	3	0.000	752	0.000	198736	1.000	32435	0.000	163525	0.000	0	0.000	244	0.000	28484477	552.796	45109145	849.686	8192	6693	0	8089416	0.000	1028	0.000	0.000	0	0	0.000	0	0.000	0	0.000	1243	1.000	0	0.000	0.000	1	0.000
83	2026-09-13T03:49:38.077451306Z	83002	24	2	2	1	3	0.000	752	0.000	198737	1.000	32435	0.000	163525	0.000	0	0.000	244	0.000	28485030	552.837	45109995	849.750	8192	6693	0	8089416	0.000	1028	0.000	0.000	0	0	0.000	0	0.000	0	0.000	1244	1.000	0	0.000	0.000	1	0.000
84	2026-09-13T03:49:39.076289663Z	84001	24	2	2	1	3	0.000	752	0.000	198738	1.001	32435	0.000	163525	0.000	0	0.000	244	0.000	28485583	553.643	45110845	850.989	8192	6693	0	8089416	0.000	1028	0.000	0.000	0	0	0.000	0	0.000	0	0.000	1245	1.001	0	0.000	0.000	1	0.000
85	2026-09-13T03:49:40.076420444Z	85001	24	2	2	1	3	0.000	752	0.000	198739	1.000	32435	0.000	163525	0.000	0	0.000	244	0.000	28486136	552.928	45111695	849.889	8192	6693	0	8089416	0.000	1028	0.000	0.000	0	0	0.000	0	0.000	0	0.000	1246	1.000	0	0.000	0.000	1	0.000
86	2026-09-13T03:49:41.07644515Z	86001	24	2	2	1	3	0.000	752	0.000	198740	1.000	32435	0.000	163525	0.000	0	0.000	244	0.000	28486689	552.986	45112545	849.979	8192	6693	0	8089416	0.000	1028	0.000	0.000	0	0	0.000	0	0.000	0	0.000	1247	1.000	0	0.000	0.000	1	0.000
87	2026-09-13T03:49:42.076342849Z	87001	24	2	2	1	3	0.000	752	0.000	198741	1.000	32435	0.000	163525	0.000	0	0.000	244	0.000	28487242	553.057	45113395	850.087	8192	6693	0	8089416	0.000	1028	0.000	0.000	0	0	0.000	0	0.000	0	0.000	1248	1.000	0	0.000	0.000	1	0.000
88	2026-09-13T03:49:43.076353747Z	88001	24	2	2	1	3	0.000	752	0.000	198742	1.000	32435	0.000	163525	0.000	0	0.000	244	0.000	28487795	552.994	45114245	849.991	8192	6693	0	8089416	0.000	1028	0.000	0.000	0	0	0.000	0	0.000	0	0.000	1249	1.000	0	0.000	0.000	1	0.000
89	2026-09-13T03:49:44.076574104Z	89001	24	2	2	1	3	0.000	752	0.000	198743	1.000	32435	0.000	163525	0.000	0	0.000	244	0.000	28488348	552.878	45115095	849.813	8192	6693	0	8089416	0.000	1028	0.000	0.000	0	0	0.000	0	0.000	0	0.000	1250	1.000	0	0.000	0.000	1	0.000
90	2026-09-13T03:49:45.076548192Z	90001	24	2	2	1	3	0.000	752	0.000	198744	1.000	32435	0.000	163525	0.000	0	0.000	244	0.000	28488901	553.014	45115945	850.022	8192	6693	0	8089416	0.000	1028	0.000	0.000	0	0	0.000	0	0.000	0	0.000	1251	1.000	0	0.000	0.000	1	0.000
91	2026-09-13T03:49:46.076344369Z	91001	24	2	2	1	3	0.000	752	0.000	198745	1.000	32435	0.000	163525	0.000	0	0.000	244	0.000	28489454	553.113	45116795	850.173	8192	6693	0	8089416	0.000	1028	0.000	0.000	0	0	0.000	0	0.000	0	0.000	1252	1.000	0	0.000	0.000	1	0.000
92	2026-09-13T03:49:47.076961882Z	92001	24	2	2	1	3	0.000	752	0.000	198746	0.999	32435	0.000	163525	0.000	0	0.000	244	0.000	28490007	552.659	45117645	849.475	8192	6693	0	8089416	0.000	1028	0.000	0.000	0	0	0.000	0	0.000	0	0.000	1253	0.999	0	0.000	0.000	1	0.000
93	2026-09-13T03:49:48.077432215Z	93002	24	2	2	1	3	0.000	752	0.000	198747	1.000	32435	0.000	163525	0.000	0	0.000	244	0.000	28490560	552.740	45118495	849.600	8192	6693	0	8089416	0.000	1028	0.000	0.000	0	0	0.000	0	0.000	0	0.000	1254	1.000	0	0.000	0.000	1	0.000
94	2026-09-13T03:49:49.07652638Z	94001	24	2	2	1	3	0.000	752	0.000	198748	1.001	32435	0.000	163525	0.000	0	0.000	244	0.000	28491113	553.501	45119345	850.771	8192	6693	0	8089416	0.000	1028	0.000	0.000	0	0	0.000	0	0.000	0	0.000	1255	1.001	0	0.000	0.000	1	0.000
95	2026-09-13T03:49:50.076516462Z	95001	24	2	2	1	3	0.000	752	0.000	198749	1.000	32435	0.000	163525	0.000	0	0.000	244	0.000	28491666	553.005	45120195	850.008	8192	6693	0	8089416	0.000	1028	0.000	0.000	0	0	0.000	0	0.000	0	0.000	1256	1.000	0	0.000	0.000	1	0.000
96	2026-09-13T03:49:51.076586542Z	96001	24	2	2	1	3	0.000	752	0.000	198750	1.000	32435	0.000	163525	0.000	0	0.000	244	0.000	28492219	552.961	45121045	849.940	8192	6693	0	8089416	0.000	1028	0.000	0.000	0	0	0.000	0	0.000	0	0.000	1257	1.000	0	0.000	0.000	1	0.000
97	2026-09-13T03:49:52.076287833Z	97001	24	2	2	1	3	0.000	752	0.000	198751	1.000	32435	0.000	163525	0.000	0	0.000	244	0.000	28492772	553.165	45121895	850.254	8192	6693	0	8089416	0.000	1028	0.000	0.000	0	0	0.000	0	0.000	0	0.000	1258	1.000	0	0.000	0.000	1	0.000
98	2026-09-13T03:49:53.076597566Z	98001	24	2	2	1	3	0.000	752	0.000	198752	1.000	32435	0.000	163525	0.000	0	0.000	244	0.000	28493325	552.829	45122745	849.737	8192	6693	0	8089416	0.000	1028	0.000	0.000	0	0	0.000	0	0.000	0	0.000	1259	1.000	0	0.000	0.000	1	0.000
99	2026-09-13T03:49:54.076940707Z	99001	24	2	2	1	3	0.000	752	0.000	198753	1.000	32435	0.000	163525	0.000	0	0.000	244	0.000	28493878	552.810	45123595	849.708	8192	6693	0	8089416	0.000	1028	0.000	0.000	0	0	0.000	0	0.000	0	0.000	1260	1.000	0	0.000	0.000	1	0.000
100	2026-09-13T03:49:55.076289658Z	100001	24	2	2	1	3	0.000	752	0.000	198754	1.001	32435	0.000	163525	0.000	0	0.000	244	0.000	28494431	553.360	45124445	850.554	8192	6693	0	8089416	0.000	1028	0.000	0.000	0	0	0.000	0	0.000	0	0.000	1261	1.001	0	0.000	0.000	1	0.000
101	2026-09-13T03:49:56.07657731Z	101001	24	2	2	1	3	0.000	752	0.000	198755	1.000	32435	0.000	163525	0.000	0	0.000	244	0.000	28494984	552.841	45125295	849.756	8192	6693	0	8089416	0.000	1028	0.000	0.000	0	0	0.000	0	0.000	0	0.000	1262	1.000	0	0.000	0.000	1	0.000
102	2026-09-13T03:49:57.076420273Z	102001	24	2	2	1	3	0.000	752	0.000	198756	1.000	32435	0.000	163525	0.000	0	0.000	244	0.000	28495537	553.087	45126145	850.133	8192	6693	0	8089416	0.000	1028	0.000	0.000	0	0	0.000	0	0.000	0	0.000	1263	1.000	0	0.000	0.000	1	0.000
103	2026-09-13T03:49:58.07655363Z	103001	24	2	2	1	3	0.000	752	0.000	198757	1.000	32435	0.000	163525	0.000	0	0.000	244	0.000	28496090	552.926	45126995	849.887	8192	6693	0	8089416	0.000	1028	0.000	0.000	0	0	0.000	0	0.000	0	0.000	1264	1.000	0	0.000	0.000	1	0.000
104	2026-09-13T03:49:59.076552994Z	104001	24	2	2	1	3	0.000	752	0.000	198758	1.000	32435	0.000	163525	0.000	0	0.000	244	0.000	28496643	553.000	45127845	850.001	8192	6693	0	8089416	0.000	1028	0.000	0.000	0	0	0.000	0	0.000	0	0.000	1265	1.000	0	0.000	0.000	1	0.000
105	2026-09-13T03:50:00.076437948Z	105001	24	2	2	1	3	0.000	752	0.000	198759	1.000	32435	0.000	163525	0.000	0	0.000	244	0.000	28497196	553.064	45128695	850.098	8192	6693	0	8089416	0.000	1028	0.000	0.000	0	0	0.000	0	0.000	0	0.000	1266	1.000	0	0.000	0.000	1	0.000
106	2026-09-13T03:50:01.076724442Z	106001	24	2	2	1	3	0.000	752	0.000	198760	1.000	32435	0.000	163525	0.000	0	0.000	244	0.000	28497749	552.842	45129545	849.757	8192	6693	0	8089416	0.000	1028	0.000	0.000	0	0	0.000	0	0.000	0	0.000	1267	1.000	0	0.000	0.000	1	0.000
107	2026-09-13T03:50:02.076819451Z	107001	24	2	2	1	3	0.000	752	0.000	198761	1.000	32435	0.000	163525	0.000	0	0.000	244	0.000	28498302	552.947	45130395	849.919	8192	6693	0	8089416	0.000	1028	0.000	0.000	0	0	0.000	0	0.000	0	0.000	1268	1.000	0	0.000	0.000	1	0.000
108	2026-09-13T03:50:03.077179887Z	108001	24	2	2	1	3	0.000	752	0.000	198762	1.000	32435	0.000	163525	0.000	0	0.000	244	0.000	28498855	552.801	45131245	849.694	8192	6693	0	8089416	0.000	1028	0.000	0.000	0	0	0.000	0	0.000	0	0.000	1269	1.000	0	0.000	0.000	1	0.000
109	2026-09-13T03:50:04.076478263Z	109001	24	2	2	1	3	0.000	752	0.000	198763	1.001	32435	0.000	163525	0.000	0	0.000	244	0.000	28499408	553.388	45132095	850.597	8192	6693	0	8089416	0.000	1028	0.000	0.000	0	0	0.000	0	0.000	0	0.000	1270	1.001	0	0.000	0.000	1	0.000
110	2026-09-13T03:50:05.076554133Z	110001	24	2	2	1	3	0.000	752	0.000	198764	1.000	32435	0.000	163525	0.000	0	0.000	244	0.000	28499961	552.958	45132945	849.936	8192	6693	0	8089416	0.000	1028	0.000	0.000	0	0	0.000	0	0.000	0	0.000	1271	1.000	0	0.000	0.000	1	0.000
111	2026-09-13T03:50:06.076859459Z	111001	24	2	2	1	3	0.000	752	0.000	198765	1.000	32435	0.000	163525	0.000	0	0.000	244	0.000	28500514	552.831	45133795	849.741	8192	6693	0	8089416	0.000	1028	0.000	0.000	0	0	0.000	0	0.000	0	0.000	1272	1.000	0	0.000	0.000	1	0.000
112	2026-09-13T03:50:07.076536936Z	112001	24	2	2	1	3	0.000	752	0.000	198766	1.000	32435	0.000	163525	0.000	0	0.000	244	0.000	28501067	553.178	45134645	850.274	8192	6693	0	8089416	0.000	1028	0.000	0.000	0	0	0.000	0	0.000	0	0.000	1273	1.000	0	0.000	0.000	1	0.000
113	2026-09-13T03:50:08.076854719Z	113001	24	2	2	1	3	0.000	752	0.000	198767	1.000	32435	0.000	163525	0.000	0	0.000	244	0.000	28501620	552.824	45135495	849.730	8192	6693	0	8089416	0.000	1028	0.000	0.000	0	0	0.000	0	0.000	0	0.000	1274	1.000	0	0.000	0.000	1	0.000
114	2026-09-13T03:50:09.07714059Z	114001	24	2	2	1	3	0.000	752	0.000	198768	1.000	32435	0.000	163525	0.000	0	0.000	244	0.000	28502173	552.842	45136345	849.757	8192	6693	0	8089416	0.000	1028	0.000	0.000	0	0	0.000	0	0.000	0	0.000	1275	1.000	0	0.000	0.000	1	0.000
115	2026-09-13T03:50:10.07753705Z	115002	24	2	2	1	3	0.000	752	0.000	198769	1.000	32435	0.000	163525	0.000	0	0.000	244	0.000	28502726	552.781	45137195	849.663	8192	6693	0	8089416	0.000	1028	0.000	0.000	0	0	0.000	0	0.000	0	0.000	1276	1.000	0	0.000	0.000	1	0.000
116	2026-09-13T03:50:11.076918502Z	116001	24	2	2	1	3	0.000	752	0.000	198770	1.001	32435	0.000	163525	0.000	0	0.000	244	0.000	28503279	553.342	45138045	850.526	8192	6693	0	8089416	0.000	1028	0.000	0.000	0	0	0.000	0	0.000	0	0.000	1277	1.001	0	0.000	0.000	1	0.000
117	2026-09-13T03:50:12.07665154Z	117001	24	2	2	1	3	0.000	752	0.000	198771	1.000	32435	0.000	163525	0.000	0	0.000	244	0.000	28503832	553.148	45138895	850.227	8192	6693	0	8089416	0.000	1028	0.000	0.000	0	0	0.000	0	0.000	0	0.000	1278	1.000	0	0.000	0.000	1	0.000
118	2026-09-13T03:50:13.07647799Z	118001	24	2	2	1	3	0.000	752	0.000	198772	1.000	32435	0.000	163525	0.000	0	0.000	244	0.000	28504385	553.096	45139745	850.148	8192	6693	0	8089416	0.000	1028	0.000	0.000	0	0	0.000	0	0.000	0	0.000	1279	1.000	0	0.000	0.000	1	0.000
119	2026-09-13T03:50:14.07659561Z	119001	24	2	2	1	3	0.000	752	0.000	198773	1.000	32435	0.000	163525	0.000	0	0.000	244	0.000	28504938	552.935	45140595	849.900	8192	6693	0	8089416	0.000	1028	0.000	0.000	0	0	0.000	0	0.000	0	0.000	1280	1.000	0	0.000	0.000	1	0.000
120	2026-09-13T03:50:15.07657103Z	120001	24	2	2	1	3	0.000	752	0.000	198774	1.000	32435	0.000	163525	0.000	0	0.000	244	0.000	28505491	553.014	45141445	850.021	8192	6693	0	8089416	0.000	1028	0.000	0.000	0	0	0.000	0	0.000	0	0.000	1281	1.000	0	0.000	0.000	1	0.000
